timestamp,title,price,original_price,shipping,item_url
2025-03-19 20:54:59,Microsoft Xbox Series S,US $299.00,,Shipping N/A,https://www.ebay.com/itm/266190900217?_trkparms=5373%3A5000014449%7C5374%3ATech%7C5079%3A5000014449
2025-03-19 20:54:59,Apple iPhone 15 Pro 256gb ( Unlocked) US E-Sim Version. Excellent,US $674.99,,Shipping N/A,https://www.ebay.com/itm/166613095133?_trkparms=5373%3A5000014449%7C5374%3ATech%7C5079%3A5000014449
2025-03-19 20:54:59,"Seagate EXOS X16 ST14000NM005G 14TB 256MB 7200rpm 3.5"" SATA 6Gb/s Enterprise HDD",US $147.99,,Shipping N/A,https://www.ebay.com/itm/176825170520?_trkparms=5373%3A5000014449%7C5374%3ATech%7C5079%3A5000014449
2025-03-19 20:54:59,Apple iPhone 14 Pro 128GB Unlocked - Excellent,US $446.95,,Shipping N/A,https://www.ebay.com/itm/405469724990?_trkparms=5373%3A5000014449%7C5374%3ATech%7C5079%3A5000014468
2025-03-19 20:54:59,Apple iPhone 13 128GB Unlocked - Excellent,US $291.95,,Shipping N/A,https://www.ebay.com/itm/404240045218?_trkparms=5373%3A5000014449%7C5374%3ATech%7C5079%3A5000014468
2025-03-19 20:54:59,Apple iPhone 13 128GB Unlocked - Excellent,US $301.99,,Shipping N/A,https://www.ebay.com/itm/256350256024?_trkparms=5373%3A5000014449%7C5374%3ATech%7C5079%3A5000014468
2025-03-19 20:54:59,Apple iPhone 13 Pro 256GB Unlocked - Excellent,US $402.95,,Shipping N/A,https://www.ebay.com/itm/386146593917?_trkparms=5373%3A5000014449%7C5374%3ATech%7C5079%3A5000014468
2025-03-19 20:54:59,Apple iPhone 15 Pro 512GB ( Unlocked) US E-Sim Version. Excellent,US $709.99,,Shipping N/A,https://www.ebay.com/itm/156119977855?_trkparms=5373%3A5000014449%7C5374%3ATech%7C5079%3A5000014468
2025-03-19 20:54:59,"Lenovo LOQ 15.6"" FHD 144Hz Gaming Laptop i5-12450HX 12GB RAM 512GB SSD RTX 3050",US $599.99,US $880.99,Shipping N/A,https://www.ebay.com/itm/126480962681?_trkparms=5373%3A5000014449%7C5374%3ATech%7C5079%3A5000014452
2025-03-19 20:54:59,"Lenovo LOQ-E 15.6"" FHD 144Hz Gaming Laptop i5-12450HX 8GB RAM 512GB SSD RTX 2050",US $499.99,US $699.99,Shipping N/A,https://www.ebay.com/itm/126754097392?_trkparms=5373%3A5000014449%7C5374%3ATech%7C5079%3A5000014452
2025-03-19 20:54:59,MacBook Air 15-inch 2024 M3 / 16GB RAM / 512GB SSD / 10-Core GPU / Midnight,"US $1,099.00",,Shipping N/A,https://www.ebay.com/itm/256520205430?_trkparms=5373%3A5000014449%7C5374%3ATech%7C5079%3A5000014452
2025-03-19 20:54:59,"Microsoft R1V-00009-SG 13.5"" 8GB 512GB Surface Laptop-5 - Certified Refurbished",US $459.99,"US $1,099.99",Shipping N/A,https://www.ebay.com/itm/135463162076?_trkparms=5373%3A5000014449%7C5374%3ATech%7C5079%3A5000014452
2025-03-19 20:54:59,"ASUS Vivobook X17 Laptop Intel Core i9-13900H 16GB RAM 1 TB NVMe SSD 17.3"" W11H",US $609.99,US $849.99,Shipping N/A,https://www.ebay.com/itm/387875784124?_trkparms=5373%3A5000014449%7C5374%3ATech%7C5079%3A5000014452
2025-03-19 20:54:59,Celestron 93973 SkyQ Link 2 Wi-Fi Module (Black),US $109.99,US $169.95,Shipping N/A,https://www.ebay.com/itm/374232972694?_trkparms=5373%3A5000014449%7C5374%3ATech%7C5079%3A5000014464
2025-03-19 20:54:59,50-in-1 + Waterproof Case for Gopro Hero 12 11 10 Action Camera Accessory Kit,US $39.99,,Shipping N/A,https://www.ebay.com/itm/116174595662?_trkparms=5373%3A5000014449%7C5374%3ATech%7C5079%3A5000014464
2025-03-19 20:54:59,"DJI Osmo Mobile SE Gimbal, 3-Axis, Portable , Foldable, Android , iPhone Gimbal",US $69.00,,Shipping N/A,https://www.ebay.com/itm/305001613153?_trkparms=5373%3A5000014449%7C5374%3ATech%7C5079%3A5000014464
2025-03-19 20:55:00,AOCHUAN Smart XE 3-Axis Smartphone Gimbal Stabilizer for iPhone Android Phones,US $49.00,,Shipping N/A,https://www.ebay.com/itm/405047322473?_trkparms=5373%3A5000014449%7C5374%3ATech%7C5079%3A5000014464
2025-03-19 20:55:00,DJI Ronin-SC Gimbal Stabilizer Pro Combo Kit,US $218.00,US $539.00,Shipping N/A,https://www.ebay.com/itm/315184070090?_trkparms=5373%3A5000014449%7C5374%3ATech%7C5079%3A5000014464
2025-03-19 20:55:00,"Bose Solo Soundbar 2 Home Theater, Certified Refurbished",US $149.00,US $199.00,Shipping N/A,https://www.ebay.com/itm/167031735841?_trkparms=5373%3A5000014449%7C5374%3ATech%7C5079%3A5000014481
2025-03-19 20:55:00,Onn. Google TV 4K Streaming 4K UHD Resolution 2023 Brand New,US $26.00,,Shipping N/A,https://www.ebay.com/itm/225931956556?_trkparms=5373%3A5000014449%7C5374%3ATech%7C5079%3A5000014481
2025-03-19 20:55:00,BenQ GP500 4K HDR LED Smart Home Theater Projector 1500 Lm Auto Focus 1.3x zoom,US $734.00,"US $1,799.00",Shipping N/A,https://www.ebay.com/itm/166398780476?_trkparms=5373%3A5000014449%7C5374%3ATech%7C5079%3A5000014481
2025-03-19 20:55:00,Dreamlink Dlite W - ACCESSORY OF YOUR CHOICE,US $69.86,,Shipping N/A,https://www.ebay.com/itm/254839883292?_trkparms=5373%3A5000014449%7C5374%3ATech%7C5079%3A5000014481
2025-03-19 20:55:00,BenQ HT2060 1080p HDR10 Home Theater LED Projector 4K supported 2300lm w/Speaker,US $726.00,"US $1,099.99",Shipping N/A,https://www.ebay.com/itm/166234944317?_trkparms=5373%3A5000014449%7C5374%3ATech%7C5079%3A5000014481
2025-03-19 20:55:00,"Apple iPad 9 (2021) 10.2"" 64GB 256GB Space Gray Silver WiFi or Cellular - Good",US $189.99,,Shipping N/A,https://www.ebay.com/itm/165337813141?_trkparms=5373%3A5000014449%7C5374%3ATech%7C5079%3A5000014454
2025-03-19 20:55:00,"Samsung Galaxy Tab S8 Ultra 14.6"" 128GB X900 Wifi Only No S-Pen - Excellent",US $390.00,US $899.99,Shipping N/A,https://www.ebay.com/itm/256402595266?_trkparms=5373%3A5000014449%7C5374%3ATech%7C5079%3A5000014454
2025-03-19 20:55:00,"Samsung Galaxy Tab S8 Ultra 14.6"" 128GB X900 Wifi Only - Excellent",US $437.00,US $899.99,Shipping N/A,https://www.ebay.com/itm/256728624782?_trkparms=5373%3A5000014449%7C5374%3ATech%7C5079%3A5000014454
2025-03-19 20:55:00,"Samsung Galaxy Tab S9 FE 5G SM-X518U AT&T Unlocked (Any Carrier) 10.9"" 128GB",US $274.99,US $500.00,Shipping N/A,https://www.ebay.com/itm/204770375443?_trkparms=5373%3A5000014449%7C5374%3ATech%7C5079%3A5000014454
2025-03-19 20:55:00,"NEW Apple iPad 10.9"" - 10th Gen 64GB Wi-Fi - Pink",US $319.99,US $349.99,Shipping N/A,https://www.ebay.com/itm/286305114050?_trkparms=5373%3A5000014449%7C5374%3ATech%7C5079%3A5000014454
2025-03-19 20:55:00,Nintendo new 3DS LL XL Console only Various colors Used RANK A/B Region free,US $234.99,,Shipping N/A,https://www.ebay.com/itm/392605432382?_trkparms=5373%3A5000014449%7C5374%3ATech%7C5079%3A5000014470
2025-03-19 20:55:00,PS Vita PCH-2000 Sony Playstation Accessory complete Console Used (Excellent),US $174.99,,Shipping N/A,https://www.ebay.com/itm/394111931672?_trkparms=5373%3A5000014449%7C5374%3ATech%7C5079%3A5000014470
2025-03-19 20:55:00,RULE OF ROSE ENG PS2 PAL UK BRAND NEW SEALED 505 GAMES QUALITY CECK CONTROL,US $262.14,,Shipping N/A,https://www.ebay.com/itm/256673834870?_trkparms=5373%3A5000014449%7C5374%3ATech%7C5079%3A5000014470
2025-03-19 20:55:00,Sony PS5 Genuine Stick Module CFI-ZSM1G for DualSense Edge NEW FAST SHIPPING,US $37.50,,Shipping N/A,https://www.ebay.com/itm/126828529391?_trkparms=5373%3A5000014449%7C5374%3ATech%7C5079%3A5000014470
2025-03-19 20:55:00,"$20 Xbox Live Store USD Card - US Store - Xbox 360, Xbox One and Xbox Series X",US $22.99,,Shipping N/A,https://www.ebay.com/itm/335775804002?_trkparms=5373%3A5000014449%7C5374%3ATech%7C5079%3A5000014470
2025-03-19 20:55:00,Pivo Pod Silver with Remote and Travel Case - Fast Auto Tracking Phone Silver,US $49.99,,Shipping N/A,https://www.ebay.com/itm/334638953359?_trkparms=5373%3A5000014449%7C5374%3ATech%7C5079%3A5000014474
2025-03-19 20:55:00,ORIGINAL BATTERY SAMSUNG EB-BN980ABY GALAXY NOTE 20 5G SM-N980F/DS SM-N981U OEM,US $28.30,,Shipping N/A,https://www.ebay.com/itm/135102614669?_trkparms=5373%3A5000014449%7C5374%3ATech%7C5079%3A5000014474
2025-03-19 20:55:00,Genuine / Official Apple iPhone 13 Silicone MagSafe Case / Cover - Blue Jay,US $44.13,US $63.62,Shipping N/A,https://www.ebay.com/itm/374184094391?_trkparms=5373%3A5000014449%7C5374%3ATech%7C5079%3A5000014474
2025-03-19 20:55:00,Apple AirTag Bluetooth GPS Tracker Silver MX532AM/A A2187 For iPhone & iPad,US $22.95,,Shipping N/A,https://www.ebay.com/itm/296373153889?_trkparms=5373%3A5000014449%7C5374%3ATech%7C5079%3A5000014474
2025-03-19 20:55:00,Samsung Galaxy Buds Pro R190 - Good,US $32.79,,Shipping N/A,https://www.ebay.com/itm/255868807492?_trkparms=5373%3A5000014449%7C5374%3ATech%7C5079%3A5000014474
2025-03-19 20:55:01,Taramps DS 2000x4 2 Ohms 2000 Watts RMS 4-Channel 500x4 Watts RMS Class D,US $217.99,,Shipping N/A,https://www.ebay.com/itm/354493911383?_trkparms=5373%3A5000014449%7C5374%3ATech%7C5079%3A5000014450
2025-03-19 20:55:01,WOLFBOX G840S 12‚ÄùMirror Dash Cam 4K Rear View Mirror Dash Camera Front and Rear,US $64.99,US $104.99,Shipping N/A,https://www.ebay.com/itm/225914453447?_trkparms=5373%3A5000014449%7C5374%3ATech%7C5079%3A5000014450
2025-03-19 20:55:01,"REDTIGER Dash Camera 4K Front and Rear Dash Cam Built-In WiFi & GPS, App control",US $69.99,US $129.99,Shipping N/A,https://www.ebay.com/itm/285933024479?_trkparms=5373%3A5000014449%7C5374%3ATech%7C5079%3A5000014450
2025-03-19 20:55:01,REDTIGER F9 4K Dash Cam Front and Rear Dash Camera WiFi GPS with Free 32GB Card,US $59.99,US $119.99,Shipping N/A,https://www.ebay.com/itm/285572040505?_trkparms=5373%3A5000014449%7C5374%3ATech%7C5079%3A5000014450
2025-03-19 20:55:01,"10"" Android 13 Double 2Din Car Stereo CarPlay GPS Navi WiFi BT RDS 2+32GB Radio",US $54.99,,Shipping N/A,https://www.ebay.com/itm/156119116841?_trkparms=5373%3A5000014449%7C5374%3ATech%7C5079%3A5000014450
2025-03-19 20:55:01,"Seagate IronWolf 12TB 7200RPM SATA 6Gb/s 256MB 3.5"" NAS Hard Drive ST12000VN0007",US $133.99,,Shipping N/A,https://www.ebay.com/itm/166672350380?_trkparms=5373%3A5000014449%7C5374%3ATech%7C5079%3A5000014456
2025-03-19 20:55:01,"Seagate IronWolf Pro 10TB 7200RPM SATA 6Gb/s 256MB 3.5"" NAS HDD - ST10000NE0004",US $128.99,,Shipping N/A,https://www.ebay.com/itm/167272951826?_trkparms=5373%3A5000014449%7C5374%3ATech%7C5079%3A5000014456
2025-03-19 20:55:01,"Seagate Exos 28TB 7.2K RPM SATA 6Gb/s 3.5"" Enterprise HDD - ST28000NM000C",US $334.99,,Shipping N/A,https://www.ebay.com/itm/296879436001?_trkparms=5373%3A5000014449%7C5374%3ATech%7C5079%3A5000014456
2025-03-19 20:55:01,MSI SPATIUM Series M482 M.2 2280 2TB PCI-Express 4.0 x4 Internal Solid State Dri,US $152.99,,Shipping N/A,https://www.ebay.com/itm/386842541654?_trkparms=5373%3A5000014449%7C5374%3ATech%7C5079%3A5000014456
2025-03-19 20:55:01,Team Group 1TB MP33 M.2 2280 PCIe 3.0 NVMe 3D NAND Internal Solid State Drive...,US $50.99,US $70.99,Shipping N/A,https://www.ebay.com/itm/303313868150?_trkparms=5373%3A5000014449%7C5374%3ATech%7C5079%3A5000014456
2025-03-19 20:55:01,"HP OfficeJet 250 Mobile All-in-One Printer | Mobile Print, Scan, Copy | CZ992A",US $389.99,US $489.99,Shipping N/A,https://www.ebay.com/itm/155769674699?_trkparms=5373%3A5000014449%7C5374%3ATech%7C5079%3A5000014472
2025-03-19 20:55:01,New Zebra ZD421 Direct Thermal Desktop Label Printer 203 dpi No Ribbon Required,US $299.00,US $499.00,Shipping N/A,https://www.ebay.com/itm/116462122244?_trkparms=5373%3A5000014449%7C5374%3ATech%7C5079%3A5000014472
2025-03-19 20:55:01,New Zebra ZD421 ZD4AH42-D01E00EZ Direct Thermal Label Healthcare Printer 203 dpi,US $399.00,US $669.00,Shipping N/A,https://www.ebay.com/itm/116415636410?_trkparms=5373%3A5000014449%7C5374%3ATech%7C5079%3A5000014472
2025-03-19 20:55:01,50Y0096 POS Thermal Printer Print Head for IBM SureMark 4610-1NR 4610-1ND 203dpi,US $25.31,,Shipping N/A,https://www.ebay.com/itm/133777216696?_trkparms=5373%3A5000014449%7C5374%3ATech%7C5079%3A5000014472
2025-03-19 20:55:01,Sony MDR-7506 Professional Studio Wired Headphone Headset,US $59.79,,Shipping N/A,https://www.ebay.com/itm/356129102114?_trkparms=5373%3A5000014449%7C5374%3ATech%7C5079%3A5000014460
2025-03-19 20:55:01,"NEW, Apple iPod Classic 7th Generation 160GB Black( Retail box)-5 years Warranty",US $179.09,,Shipping N/A,https://www.ebay.com/itm/145942297127?_trkparms=5373%3A5000014449%7C5374%3ATech%7C5079%3A5000014460
2025-03-19 20:55:01,Sony WF-1000XM5 Truly Wireless Bluetooth Noise Canceling Headphones - Black,US $112.99,US $299.99,Shipping N/A,https://www.ebay.com/itm/276015021037?_trkparms=5373%3A5000014449%7C5374%3ATech%7C5079%3A5000014460
2025-03-19 20:55:01,Bose SoundSport Wired 3.5mm Jack Earphones Headphones Earbuds Charcoal-Black,US $29.80,,Shipping N/A,https://www.ebay.com/itm/356129102581?_trkparms=5373%3A5000014449%7C5374%3ATech%7C5079%3A5000014460
2025-03-19 20:55:01,"JLab Go POP+ True Wireless Bluetooth Earbuds, iOS, Android, Headphones",US $20.00,US $25.00,Shipping N/A,https://www.ebay.com/itm/334666199288?_trkparms=5373%3A5000014449%7C5374%3ATech%7C5079%3A5000014460
2025-03-19 20:55:01,Canon RF 28-70mm f/2.8 IS STM Lens Canon RF,US $999.00,"US $1,099.00",Shipping N/A,https://www.ebay.com/itm/286086611827?_trkparms=5373%3A5000014449%7C5374%3ATech%7C5079%3A5000014476
2025-03-19 20:55:01,32mm to 37mm Step Upping Cover Adapter Cover Lens Adapter Filter Camera,US $3.49,,Shipping N/A,https://www.ebay.com/itm/394158348565?_trkparms=5373%3A5000014449%7C5374%3ATech%7C5079%3A5000014476
2025-03-19 20:55:02,Mamiya / Phaseone 645 Zoom-AF 55-110 4.5 - Top Zustand! RAR,US $545.26,,Shipping N/A,https://www.ebay.com/itm/186758103412?_trkparms=5373%3A5000014449%7C5374%3ATech%7C5079%3A5000014476
2025-03-19 20:55:02,"f√ºr Nikon AF, Sigma DC 30 mm F/1.4 HSM",US $147.51,,Shipping N/A,https://www.ebay.com/itm/205080921211?_trkparms=5373%3A5000014449%7C5374%3ATech%7C5079%3A5000014476
2025-03-19 20:55:02,"Lomo Smena T-43, 4/40mm, f√ºr M39 | Vintage lens",US $75.40,,Shipping N/A,https://www.ebay.com/itm/305881462174?_trkparms=5373%3A5000014449%7C5374%3ATech%7C5079%3A5000014476
2025-03-19 20:55:02,Sony MDR-7506 Professional Studio Wired Headphone Headset,US $59.79,,Shipping N/A,https://www.ebay.com/itm/356129102114?_trkparms=5373%3A5000014449%7C5374%3ATech%7C5079%3A5000014488
2025-03-19 20:55:02,Taramps DS 2000x4 2 Ohms 2000 Watts RMS 4-Channel 500x4 Watts RMS Class D,US $217.99,,Shipping N/A,https://www.ebay.com/itm/354493911383?_trkparms=5373%3A5000014449%7C5374%3ATech%7C5079%3A5000014488
2025-03-19 20:55:02,"NEW, Apple iPod Classic 7th Generation 160GB Black( Retail box)-5 years Warranty",US $179.09,,Shipping N/A,https://www.ebay.com/itm/145942297127?_trkparms=5373%3A5000014449%7C5374%3ATech%7C5079%3A5000014488
2025-03-19 20:55:02,"Bose Solo Soundbar 2 Home Theater, Certified Refurbished",US $149.00,US $199.00,Shipping N/A,https://www.ebay.com/itm/167031735841?_trkparms=5373%3A5000014449%7C5374%3ATech%7C5079%3A5000014488
2025-03-19 20:55:02,WOLFBOX G840S 12‚ÄùMirror Dash Cam 4K Rear View Mirror Dash Camera Front and Rear,US $64.99,US $104.99,Shipping N/A,https://www.ebay.com/itm/225914453447?_trkparms=5373%3A5000014449%7C5374%3ATech%7C5079%3A5000014488
2025-03-19 20:55:02,Otto the Rhino DVD 2012 Animated English Version BRAND-NEW Sealed 9z,US $8.88,US $24.95,Shipping N/A,https://www.ebay.com/itm/176906606227?_trkparms=5373%3A5000014449%7C5374%3ATech%7C5079%3A5000014458
2025-03-19 20:55:02,4 Movie Collection Comedy Life / Roscoe Jenkins / Bulletproof / Major Payne 9z,US $11.57,US $28.95,Shipping N/A,https://www.ebay.com/itm/176908198807?_trkparms=5373%3A5000014449%7C5374%3ATech%7C5079%3A5000014458
2025-03-19 20:55:02,Postman Pat-The Movie (DVD 2014) Jim Broadbent- Rupert Grint- David Tennant 9z,US $8.88,US $19.95,Shipping N/A,https://www.ebay.com/itm/405628830079?_trkparms=5373%3A5000014449%7C5374%3ATech%7C5079%3A5000014458
2025-03-19 20:55:02,"Police Academy/Police Academy 2 (DVD, 2012, Widescreen) / 2 FILM COLLECTION 9z",US $8.88,US $19.95,Shipping N/A,https://www.ebay.com/itm/405628887425?_trkparms=5373%3A5000014449%7C5374%3ATech%7C5079%3A5000014458
2025-03-19 20:55:02,"Six Feet Under: Complete Third 3rd Season 3 (DVD, 2004, 5-Disc Set) NEW 9z",US $9.12,US $39.95,Shipping N/A,https://www.ebay.com/itm/405629544715?_trkparms=5373%3A5000014449%7C5374%3ATech%7C5079%3A5000014458
2025-03-19 20:55:02,Lenovo DK1633 40A9 ThinkPad USB-C Dock Station 40A90090US + 90W Power Supply,US $55.00,,Shipping N/A,https://www.ebay.com/itm/145072664056?_trkparms=5373%3A5000014449%7C5374%3ATech%7C5079%3A5000014478
2025-03-19 20:55:02,"Xiaomi Mi Computer Monitor Light Bar - , Extra Computer Lighting",US $29.99,,Shipping N/A,https://www.ebay.com/itm/126003498904?_trkparms=5373%3A5000014449%7C5374%3ATech%7C5079%3A5000014478
2025-03-19 20:55:02,For iPad Pro 11'' (4/3/2/1) Case | Ringke [Fusion Sketch Stand] for Drawing,US $32.99,US $37.99,Shipping N/A,https://www.ebay.com/itm/266921467304?_trkparms=5373%3A5000014449%7C5374%3ATech%7C5079%3A5000014478
2025-03-19 20:55:02,For iPad Pro 11'' (M4 2024) Case | Ringke [Fusion Sketch Stand] for Drawing,US $35.99,US $40.99,Shipping N/A,https://www.ebay.com/itm/256583927129?_trkparms=5373%3A5000014449%7C5374%3ATech%7C5079%3A5000014478
2025-03-19 20:55:02,For iPad 10th (2022) Generation Ringke | [FUSION & FUSION OUTSTANDING COMBO],US $31.99,US $59.99,Shipping N/A,https://www.ebay.com/itm/266103967289?_trkparms=5373%3A5000014449%7C5374%3ATech%7C5079%3A5000014478
2025-03-19 20:55:02,Apple iPhone 14 Pro 128GB Unlocked - Excellent,US $446.95,,Shipping N/A,https://www.ebay.com/itm/405469724990?_trkparms=5373%3A5000014449%7C5374%3ATech%7C5079%3A5000014466
2025-03-19 20:55:02,Apple iPhone 13 128GB Unlocked - Excellent,US $291.95,,Shipping N/A,https://www.ebay.com/itm/404240045218?_trkparms=5373%3A5000014449%7C5374%3ATech%7C5079%3A5000014466
2025-03-19 20:55:02,Apple iPhone 13 128GB Unlocked - Excellent,US $301.99,,Shipping N/A,https://www.ebay.com/itm/256350256024?_trkparms=5373%3A5000014449%7C5374%3ATech%7C5079%3A5000014466
2025-03-19 20:55:02,Apple iPhone 13 Pro 256GB Unlocked - Excellent,US $402.95,,Shipping N/A,https://www.ebay.com/itm/386146593917?_trkparms=5373%3A5000014449%7C5374%3ATech%7C5079%3A5000014466
2025-03-19 20:55:03,Apple iPhone 15 Pro 512GB ( Unlocked) US E-Sim Version. Excellent,US $709.99,,Shipping N/A,https://www.ebay.com/itm/156119977855?_trkparms=5373%3A5000014449%7C5374%3ATech%7C5079%3A5000014466
2025-03-19 20:55:03,"Lenovo LOQ 15.6"" FHD 144Hz Gaming Laptop i5-12450HX 12GB RAM 512GB SSD RTX 3050",US $599.99,US $880.99,Shipping N/A,https://www.ebay.com/itm/126480962681?_trkparms=5373%3A5000014449%7C5374%3ATech%7C5079%3A5000014490
2025-03-19 20:55:03,"Seagate IronWolf 12TB 7200RPM SATA 6Gb/s 256MB 3.5"" NAS Hard Drive ST12000VN0007",US $133.99,,Shipping N/A,https://www.ebay.com/itm/166672350380?_trkparms=5373%3A5000014449%7C5374%3ATech%7C5079%3A5000014490
2025-03-19 20:55:03,Intel Xeon Gold 6254 3.1GHz 24.75MB 18-Core 200W FCLGA3647 SRF92,US $245.00,,Shipping N/A,https://www.ebay.com/itm/235898025773?_trkparms=5373%3A5000014449%7C5374%3ATech%7C5079%3A5000014490
2025-03-19 20:55:03,"Lenovo LOQ-E 15.6"" FHD 144Hz Gaming Laptop i5-12450HX 8GB RAM 512GB SSD RTX 2050",US $499.99,US $699.99,Shipping N/A,https://www.ebay.com/itm/126754097392?_trkparms=5373%3A5000014449%7C5374%3ATech%7C5079%3A5000014490
2025-03-19 20:55:03,MacBook Air 15-inch 2024 M3 / 16GB RAM / 512GB SSD / 10-Core GPU / Midnight,"US $1,099.00",,Shipping N/A,https://www.ebay.com/itm/256520205430?_trkparms=5373%3A5000014449%7C5374%3ATech%7C5079%3A5000014490
2025-03-20 08:07:36,"2020 Apple iPad 8 10.2"" Display 32GB WiFi Only MYL92LL/A Space Gray - Very Good",$143.99,$329.00,Shipping N/A,https://www.ebay.com/itm/354233898171?_trkparms=5373%3A5000006400%7C5374%3ATech%7C5079%3A5000006400
2025-03-20 08:07:36,"Seagate IronWolf 12TB 7200RPM SATA 6Gb/s 256MB 3.5"" NAS Hard Drive ST12000VN0007",$133.99,$189.99,Shipping N/A,https://www.ebay.com/itm/166672350380?_trkparms=5373%3A5000006400%7C5374%3ATech%7C5079%3A5000006400
2025-03-20 08:07:36,Samsung Galaxy Watch 6 Classic 43mm Bluetooth R950 - Excellent,$99.99,$159.99,Shipping N/A,https://www.ebay.com/itm/326305248291?_trkparms=5373%3A5000006400%7C5374%3ATech%7C5079%3A5000006400
2025-03-20 08:07:36,Logitech - G CLOUD Gaming Handheld Console - White,$164.99,$349.99,Shipping N/A,https://www.ebay.com/itm/167017920150?_trkparms=5373%3A5000006400%7C5374%3ATech%7C5079%3A5000006400
2025-03-20 08:07:36,"1 Year Warranty MacBook Pro 16"" M1 Max 2021 3.20GHz/64GB/1TB/24-Core GPU - A2485","$1,489.99","$2,699.00",Shipping N/A,https://www.ebay.com/itm/356568337558?_trkparms=5373%3A5000006400%7C5374%3ATech%7C5079%3A5000006400
2025-03-20 08:07:36,Samsung Galaxy S22+ 5G SM-S906U1 128GB 256GB Unlocked Very Good Refurbished,$234.95,"$1,199.99",Shipping N/A,https://www.ebay.com/itm/204769428202?_trkparms=5373%3A5000006400%7C5374%3ATech%7C5079%3A5000006400
2025-03-20 08:07:36,"HP ENVY Laptop Intel Core Ultra 7 155U RTX 3050 32GB RAM 1TB SSD 17.3"" FHD W11H",$769.99,"$1,099.99",Shipping N/A,https://www.ebay.com/itm/305844871800?_trkparms=5373%3A5000006400%7C5374%3ATech%7C5079%3A5000006400
2025-03-20 08:07:36,Apple iPhone 14 Pro Max 256GB Unlocked Very Good Condition,$539.99,"$1,199.00",Shipping N/A,https://www.ebay.com/itm/355896538160?_trkparms=5373%3A5000006400%7C5374%3ATech%7C5079%3A5000006400
2025-03-20 08:07:36,Apple iPhone 14 Pro Max 128GB Network Unlocked Very Good Condition,$509.99,"$1,099.00",Shipping N/A,https://www.ebay.com/itm/355094939620?_trkparms=5373%3A5000006400%7C5374%3ATech%7C5079%3A5000006400
2025-03-20 08:07:36,Apple iPhone 14 Pro A2650 128GB Network Unlocked Very Good Condition,$414.99,$899.00,Shipping N/A,https://www.ebay.com/itm/354954088639?_trkparms=5373%3A5000006400%7C5374%3ATech%7C5079%3A5000006400
2025-03-20 08:07:36,Apple iPhone 16 Pro Max 256GB Unlocked Excellent Condition,$969.99,"$1,699.00",Shipping N/A,https://www.ebay.com/itm/356605681295?_trkparms=5373%3A5000006400%7C5374%3ATech%7C5079%3A5000006400
2025-03-20 08:07:37,Apple iPhone 14 Pro A2650 256GB Unlocked Very Good Condition,$439.99,$999.00,Shipping N/A,https://www.ebay.com/itm/355896536737?_trkparms=5373%3A5000006400%7C5374%3ATech%7C5079%3A5000006400
2025-03-20 08:07:37,Apple iPhone 14 256GB Factory Unlocked AT&T T-Mobile Verizon Very Good Condition,$369.95,$899.00,Shipping N/A,https://www.ebay.com/itm/295504908589?_trkparms=5373%3A5000006400%7C5374%3ATech%7C5079%3A5000006423
2025-03-20 08:07:37,Apple iPhone 12 64GB - Fully Unlocked - VERY GOOD Condition!! Unlocked!!,$210.99,$599.00,Shipping N/A,https://www.ebay.com/itm/325852789181?_trkparms=5373%3A5000006400%7C5374%3ATech%7C5079%3A5000006423
2025-03-20 08:07:37,Apple iPhone 14 256GB Network Unlocked Excellent Condition,$402.50,$426.21,Shipping N/A,https://www.ebay.com/itm/356103750807?_trkparms=5373%3A5000006400%7C5374%3ATech%7C5079%3A5000006423
2025-03-20 08:07:37,ASUS Zenfone V V520KL A006 32GB Verizon - Excellent,$41.95,$329.00,Shipping N/A,https://www.ebay.com/itm/387587045897?_trkparms=5373%3A5000006400%7C5374%3ATech%7C5079%3A5000006423
2025-03-20 08:07:37,Samsung Galaxy J7 J727 16GB Verizon - Excellent,$47.95,$189.00,Shipping N/A,https://www.ebay.com/itm/385437851164?_trkparms=5373%3A5000006400%7C5374%3ATech%7C5079%3A5000006423
2025-03-20 08:07:37,"HP Laptop AMD Ryzen 5 7530U 16GB 1 TB SSD 17.3"" Touchscreen W11H 17-cp3055cl",$399.99,$599.99,Shipping N/A,https://www.ebay.com/itm/305956067711?_trkparms=5373%3A5000006400%7C5374%3ATech%7C5079%3A5000006407
2025-03-20 08:07:37,"Apple MacBook Pro 13"" Late 2020 M1 1TB SSD 16GB RAM Space Gray - Good",$649.99,,Shipping N/A,https://www.ebay.com/itm/156171886224?_trkparms=5373%3A5000006400%7C5374%3ATech%7C5079%3A5000006407
2025-03-20 08:07:37,"Acer Aspire 3 Laptop 15.6"" 1TB AMD Ryzen 5 7520U 2.8GHz Certified Reburbished",$275.99,$499.99,Shipping N/A,https://www.ebay.com/itm/266889342994?_trkparms=5373%3A5000006400%7C5374%3ATech%7C5079%3A5000006407
2025-03-20 08:07:37,Acer PredatorNeo Laptop 16 16GB 1TB NVIDIA GeForce RTX4060 Certified Refurbished,$960.99,"$2,371.82",Shipping N/A,https://www.ebay.com/itm/266889342832?_trkparms=5373%3A5000006400%7C5374%3ATech%7C5079%3A5000006407
2025-03-20 08:07:37,"Apple MacBook Pro 2021 MS3-96w M1 Pro 16GB RAM 16"" 512GB SSD Very Good",$899.00,"$1,499.00",Shipping N/A,https://www.ebay.com/itm/146346000047?_trkparms=5373%3A5000006400%7C5374%3ATech%7C5079%3A5000006407
2025-03-20 08:07:37,LG 55-Inch Class OLED evo G4 Series 4K TV with webOS 24,"$1,499.00","$3,199.95",Shipping N/A,https://www.ebay.com/itm/186732090674?_trkparms=5373%3A5000006400%7C5374%3ATech%7C5079%3A5000006409
2025-03-20 08:07:37,Samsung Music Frame Dolby Atmos Picture Frame/Smart Speaker,$183.00,$499.99,Shipping N/A,https://www.ebay.com/itm/186849010545?_trkparms=5373%3A5000006400%7C5374%3ATech%7C5079%3A5000006409
2025-03-20 08:07:37,LG 77-Inch Class OLED evo C4 Series TV with webOS 24,"$1,856.00","$4,199.95",Shipping N/A,https://www.ebay.com/itm/156232239135?_trkparms=5373%3A5000006400%7C5374%3ATech%7C5079%3A5000006409
2025-03-20 08:07:37,BenQ GP500 4K HDR LED Smart Home Theater Projector 1500 Lm Auto Focus 1.3x zoom,$734.00,"$1,799.00",Shipping N/A,https://www.ebay.com/itm/166398780476?_trkparms=5373%3A5000006400%7C5374%3ATech%7C5079%3A5000006409
2025-03-20 08:07:37,BenQ X300G 2000lm 4K Portable Gaming Projector 4ms Short Throw 3D Auto Keystone,$947.00,"$1,499.99",Shipping N/A,https://www.ebay.com/itm/375807945661?_trkparms=5373%3A5000006400%7C5374%3ATech%7C5079%3A5000006409
2025-03-20 08:07:37,DJI Mavic 3 Classic Fly More Pro Vlogger -2 Battery Combo (DJI RC) Drone-CRB,"$1,499.00","$1,899.00",Shipping N/A,https://www.ebay.com/itm/305955941857?_trkparms=5373%3A5000006400%7C5374%3ATech%7C5079%3A5000006430
2025-03-20 08:07:37,DJI Mini 3 Pro Fly More Vlogger Combo (DJI RC ) Drone 4k,$937.00,"$1,249.00",Shipping N/A,https://www.ebay.com/itm/305845152874?_trkparms=5373%3A5000006400%7C5374%3ATech%7C5079%3A5000006430
2025-03-20 08:07:37,Samsung Music Frame Dolby Atmos Picture Frame/Smart Speaker,$183.00,$499.99,Shipping N/A,https://www.ebay.com/itm/186849010545?_trkparms=5373%3A5000006400%7C5374%3ATech%7C5079%3A5000006430
2025-03-20 08:07:37,Sony FE 24-70mm F2.8 GM II Lens,"$1,719.00","$2,306.99",Shipping N/A,https://www.ebay.com/itm/204911213109?_trkparms=5373%3A5000006400%7C5374%3ATech%7C5079%3A5000006430
2025-03-20 08:07:38,"Panasonic LUMIX GH5M2, 20.3MP Mirrorless Micro Four Thirds Camera with Live",$874.00,"$1,187.99",Shipping N/A,https://www.ebay.com/itm/205309160774?_trkparms=5373%3A5000006400%7C5374%3ATech%7C5079%3A5000006430
2025-03-20 08:07:38,Nintendo Switch OLED 64GB NEON Red Blue Joy Con Newest Version +FAST FREE SHIP!‚≠ê,$269.99,$359.99,Shipping N/A,https://www.ebay.com/itm/195122716310?_trkparms=5373%3A5000006400%7C5374%3ATech%7C5079%3A5000006401
2025-03-20 08:07:38,üî• Nintendo Switch OLED 64GB WHITE Joy Cons Newest Game Console + 2 Day SHIP! üî•,$269.99,$369.99,Shipping N/A,https://www.ebay.com/itm/194991515485?_trkparms=5373%3A5000006400%7C5374%3ATech%7C5079%3A5000006401
2025-03-20 08:07:38,"Audeze Maxwell Wireless Gaming Headset for Xbox, PS, Mac, & PC",$278.00,$373.99,Shipping N/A,https://www.ebay.com/itm/205305863435?_trkparms=5373%3A5000006400%7C5374%3ATech%7C5079%3A5000006401
2025-03-20 08:07:38,"Audeze Maxwell Wireless Gaming Headset for PlayStation, Mac, PC, and Switch",$264.00,$305.99,Shipping N/A,https://www.ebay.com/itm/197038681586?_trkparms=5373%3A5000006400%7C5374%3ATech%7C5079%3A5000006401
2025-03-20 08:07:38,Nintendo Switch Console with Neon Blue and Neon Red Joy Cons 32GB V2,$243.33,$299.99,Shipping N/A,https://www.ebay.com/itm/195302472644?_trkparms=5373%3A5000006400%7C5374%3ATech%7C5079%3A5000006401
2025-03-20 08:07:38,"2020 iPad 8th Gen 10.2"" MYN32LL/A 32GB & Cellular Unlocked (Space Gray) - Good",$136.99,$329.00,Shipping N/A,https://www.ebay.com/itm/354250488438?_trkparms=5373%3A5000006400%7C5374%3ATech%7C5079%3A5000006415
2025-03-20 08:07:38,"Samsung Galaxy Tab S8 Ultra 14.6"" 128GB X900 Wifi Only No S-Pen - Excellent",$390.00,$899.99,Shipping N/A,https://www.ebay.com/itm/256402595266?_trkparms=5373%3A5000006400%7C5374%3ATech%7C5079%3A5000006415
2025-03-20 08:07:38,Apple - Geek Squad Certified Refurbished 11-Inch iPad Pro with Wi-Fi - 128GB ...,Price N/A,$799.00,Shipping N/A,https://www.ebay.com/itm/196689072910?_trkparms=5373%3A5000006400%7C5374%3ATech%7C5079%3A5000006415
2025-03-20 08:07:38,Acer Iconia Android Tablet - 64GB SSD - A8 A8-11-A30S - Certified Refurbished,$79.99,,Shipping N/A,https://www.ebay.com/itm/256754458088?_trkparms=5373%3A5000006400%7C5374%3ATech%7C5079%3A5000006415
2025-03-20 08:07:38,Apple iPad Mini (A17 Pro) 128GB WiFi Excellent Condition - All Colors,$389.99,$499.99,Shipping N/A,https://www.ebay.com/itm/286219710468?_trkparms=5373%3A5000006400%7C5374%3ATech%7C5079%3A5000006415
2025-03-20 08:07:38,Apple AirPods Pro 2nd Generation Gen 2 2023 A2968 with Magsafe USB-C Charging,$149.95,$250.00,Shipping N/A,https://www.ebay.com/itm/285636515887?_trkparms=5373%3A5000006400%7C5374%3ATech%7C5079%3A5000006419
2025-03-20 08:07:38,Sony WF-1000XM5 Truly Wireless Bluetooth Noise Canceling Headphones - Black,$112.99,$299.99,Shipping N/A,https://www.ebay.com/itm/276015021037?_trkparms=5373%3A5000006400%7C5374%3ATech%7C5079%3A5000006419
2025-03-20 08:07:38,Anker PowerCoreIII Sense Portable Charger 10K Power Bank 20W USB-C for iPhone,$14.99,$39.99,Shipping N/A,https://www.ebay.com/itm/383508840902?_trkparms=5373%3A5000006400%7C5374%3ATech%7C5079%3A5000006419
2025-03-20 08:07:38,Anker 20W USB-C Portable Charger Power Bank 10000mAh Power Delivery Battery Pack,$14.99,$39.99,Shipping N/A,https://www.ebay.com/itm/385001141142?_trkparms=5373%3A5000006400%7C5374%3ATech%7C5079%3A5000006419
2025-03-20 08:07:38,Soundcore Liberty 4 SE True Wireless Earbuds Heart Rate Sensor Noise Cancelling,$46.99,$149.99,Shipping N/A,https://www.ebay.com/itm/385693088002?_trkparms=5373%3A5000006400%7C5374%3ATech%7C5079%3A5000006419
2025-03-20 08:07:38,"Seagate Exos 28TB 7.2K RPM SATA 6Gb/s 3.5"" Enterprise HDD - ST28000NM000C",$334.99,$379.99,Shipping N/A,https://www.ebay.com/itm/296879436001?_trkparms=5373%3A5000006400%7C5374%3ATech%7C5079%3A5000006421
2025-03-20 08:07:38,"Seagate Skyhawk AI ST12000VX0017 12TB 7200RPM 3.5"" SATA 6.0Gb/s Surveillance HDD",$115.99,$179.99,Shipping N/A,https://www.ebay.com/itm/176895047318?_trkparms=5373%3A5000006400%7C5374%3ATech%7C5079%3A5000006421
2025-03-20 08:07:39,"Seagate EXOS X16 ST14000NM005G 14TB 256MB 7200rpm 3.5"" SATA 6Gb/s Enterprise HDD",$147.99,$199.99,Shipping N/A,https://www.ebay.com/itm/176825170520?_trkparms=5373%3A5000006400%7C5374%3ATech%7C5079%3A5000006421
2025-03-20 08:07:39,"Seagate EXOS X16 16TB 256MB 7200rpm 3.5"" SATA 6Gb/s Enterprise HDD ST16000NM001G",$179.99,$219.99,Shipping N/A,https://www.ebay.com/itm/175804626117?_trkparms=5373%3A5000006400%7C5374%3ATech%7C5079%3A5000006421
2025-03-20 08:07:39,"Seagate ST12000NM0117 12TB 256MB 7200RPM 3.5"" SATA 6.0Gb/s Enterprise Hard Drive",$124.99,$179.99,Shipping N/A,https://www.ebay.com/itm/176407579611?_trkparms=5373%3A5000006400%7C5374%3ATech%7C5079%3A5000006421
2025-03-20 08:07:39,"Aura Studio 3, Wireless speaker with beautiful Harman Kardon sound",$99.95,$299.95,Shipping N/A,https://www.ebay.com/itm/395535173196?_trkparms=5373%3A5000006400%7C5374%3ATech%7C5079%3A5000006403
2025-03-20 08:07:39,STATUS Between 3ANC Wireless Earbuds (CERTIFIED REFURBISHED) - ONYX,$82.88,$119.00,Shipping N/A,https://www.ebay.com/itm/266692431952?_trkparms=5373%3A5000006400%7C5374%3ATech%7C5079%3A5000006403
2025-03-20 08:07:39,Sony WH-1000XM5/B Wireless Industry Leading Noise Canceling Bluetooth Headphones,$199.99,$399.99,Shipping N/A,https://www.ebay.com/itm/314074071401?_trkparms=5373%3A5000006400%7C5374%3ATech%7C5079%3A5000006403
2025-03-20 08:07:39,Skullcandy Smokin' Buds XT- Black (CERTIFIED REFURBISHED),$11.13,$18.99,Shipping N/A,https://www.ebay.com/itm/266646620402?_trkparms=5373%3A5000006400%7C5374%3ATech%7C5079%3A5000006403
2025-03-20 08:07:39,Sony WF-1000XM5 Truly Wireless Bluetooth Noise Canceling Headphones - Silver,$112.99,$299.99,Shipping N/A,https://www.ebay.com/itm/276042057973?_trkparms=5373%3A5000006400%7C5374%3ATech%7C5079%3A5000006403
2025-03-20 08:07:39,Ricoh/Fujitsu ScanSnap iX1400 One-Touch 600dpi 40ppm/80ipm Auto Duplex Scanner,$195.00,$435.00,Shipping N/A,https://www.ebay.com/itm/176489716730?_trkparms=5373%3A5000006400%7C5374%3ATech%7C5079%3A5000006417
2025-03-20 08:07:39,Epson RapidReceipt RR-600W Wireless Scanner - Certified Refurbished,$279.99,$299.99,Shipping N/A,https://www.ebay.com/itm/204884183797?_trkparms=5373%3A5000006400%7C5374%3ATech%7C5079%3A5000006417
2025-03-20 08:07:39,Epson Perfection V600 Photo Scanner - Certified Refurbished,$299.99,,Shipping N/A,https://www.ebay.com/itm/226451126467?_trkparms=5373%3A5000006400%7C5374%3ATech%7C5079%3A5000006417
2025-03-20 08:07:39,Canon Color imageCLASS MF642Cdw Wireless Laser Printer w/ Toner PRMCT054H-4 Pack,$309.99,$599.95,Shipping N/A,https://www.ebay.com/itm/296874880362?_trkparms=5373%3A5000006400%7C5374%3ATech%7C5079%3A5000006417
2025-03-20 08:07:39,Canon Color imageCLASS MF642Cdw Wireless All-In-One Laser Printer - White,$259.99,$309.95,Shipping N/A,https://www.ebay.com/itm/375669059982?_trkparms=5373%3A5000006400%7C5374%3ATech%7C5079%3A5000006417
2025-03-20 08:07:39,Hifonics HFXR Digital Signal Processor Universal Mobile Audio Silver New,$49.95,$99.99,Shipping N/A,https://www.ebay.com/itm/155477831041?_trkparms=5373%3A5000006400%7C5374%3ATech%7C5079%3A5000006432
2025-03-20 08:07:39,MB Quart FKB169 6x9 2-Way Car Speakers 75W RMS 150W Peak UTV Compatible New,$39.95,$79.99,Shipping N/A,https://www.ebay.com/itm/155534258683?_trkparms=5373%3A5000006400%7C5374%3ATech%7C5079%3A5000006432
2025-03-20 08:07:39,MB Quart Formula FKB168 5x7/6x8 2-Way Car Speakers 50W RMS 100W Peak Power New,$24.99,$44.99,Shipping N/A,https://www.ebay.com/itm/155534260342?_trkparms=5373%3A5000006400%7C5374%3ATech%7C5079%3A5000006432
2025-03-20 08:07:39,ZS5768CX ZEUS 5x7/6x8 Inch Speakers 1-inch Neo-Mylar Soft Dome Tweeter,$26.73,$54.99,Shipping N/A,https://www.ebay.com/itm/155691326798?_trkparms=5373%3A5000006400%7C5374%3ATech%7C5079%3A5000006432
2025-03-20 08:07:39,Autotek TA-1255.4 1200W 4-Channel Car Amplifier Class A/B Bass EQ Black New,$59.99,$139.99,Shipping N/A,https://www.ebay.com/itm/155835298403?_trkparms=5373%3A5000006400%7C5374%3ATech%7C5079%3A5000006432
2025-03-20 08:07:39,Sony FE 24-70mm F2.8 GM II Lens,"$1,719.00","$2,306.99",Shipping N/A,https://www.ebay.com/itm/204911213109?_trkparms=5373%3A5000006400%7C5374%3ATech%7C5079%3A5000006425
2025-03-20 08:07:39,Canon 3680C002 Rf 24-70mm F2.8 L is USM,"$1,849.00","$2,656.99",Shipping N/A,https://www.ebay.com/itm/326389378879?_trkparms=5373%3A5000006400%7C5374%3ATech%7C5079%3A5000006425
2025-03-20 08:07:40,"Sigma 24-70MM F2.8 DG DN II ART Lens, L Mount",$999.00,"$2,616.00",Shipping N/A,https://www.ebay.com/itm/286205099093?_trkparms=5373%3A5000006400%7C5374%3ATech%7C5079%3A5000006425
2025-03-20 08:07:40,SIGMA 70-200 mm F2.8 DG DN OS Sports for Sony E-Mount with Accessories Bundle,"$1,499.99","$1,599.00",Shipping N/A,https://www.ebay.com/itm/285604708125?_trkparms=5373%3A5000006400%7C5374%3ATech%7C5079%3A5000006425
2025-03-20 08:07:40,Sigma 23mm F1.4 DC DN Contemporary Lens for Sony E Mount with Camera Bag Bundle,$499.99,$594.00,Shipping N/A,https://www.ebay.com/itm/285307948467?_trkparms=5373%3A5000006400%7C5374%3ATech%7C5079%3A5000006425
2025-03-20 08:07:40,LG 55-Inch Class OLED evo G4 Series 4K TV with webOS 24,"$1,499.00","$3,199.95",Shipping N/A,https://www.ebay.com/itm/186732090674?_trkparms=5373%3A5000006400%7C5374%3ATech%7C5079%3A5000006413
2025-03-20 08:07:40,Samsung Music Frame Dolby Atmos Picture Frame/Smart Speaker,$183.00,$499.99,Shipping N/A,https://www.ebay.com/itm/186849010545?_trkparms=5373%3A5000006400%7C5374%3ATech%7C5079%3A5000006413
2025-03-20 08:07:40,"Aura Studio 3, Wireless speaker with beautiful Harman Kardon sound",$99.95,$299.95,Shipping N/A,https://www.ebay.com/itm/395535173196?_trkparms=5373%3A5000006400%7C5374%3ATech%7C5079%3A5000006413
2025-03-20 08:07:40,LG 77-Inch Class OLED evo C4 Series TV with webOS 24,"$1,856.00","$4,199.95",Shipping N/A,https://www.ebay.com/itm/156232239135?_trkparms=5373%3A5000006400%7C5374%3ATech%7C5079%3A5000006413
2025-03-20 08:07:40,STATUS Between 3ANC Wireless Earbuds (CERTIFIED REFURBISHED) - ONYX,$82.88,$119.00,Shipping N/A,https://www.ebay.com/itm/266692431952?_trkparms=5373%3A5000006400%7C5374%3ATech%7C5079%3A5000006413
2025-03-20 08:07:40,Apple Pencil (USB-C) - White Stylus MUWA3AM/A with Pixel-Perfect Precision,$51.45,$80.00,Shipping N/A,https://www.ebay.com/itm/296262723993?_trkparms=5373%3A5000006400%7C5374%3ATech%7C5079%3A5000006427
2025-03-20 08:07:40,"Logitech Z623 400 Watt Home Speaker System, 2.1 Speaker System - Black",$95.00,$132.68,Shipping N/A,https://www.ebay.com/itm/167065352702?_trkparms=5373%3A5000006400%7C5374%3ATech%7C5079%3A5000006427
2025-03-20 08:07:40,Logitech G560 PC Gaming Speaker System with 7.1 DTS:X Ultra Surround Sound,$128.00,$249.99,Shipping N/A,https://www.ebay.com/itm/167051732357?_trkparms=5373%3A5000006400%7C5374%3ATech%7C5079%3A5000006427
2025-03-20 08:07:40,Razer Barracuda X Wireless Multi Platform Gaming and Mobile Black Headset,$41.99,$99.95,Shipping N/A,https://www.ebay.com/itm/286097764131?_trkparms=5373%3A5000006400%7C5374%3ATech%7C5079%3A5000006427
2025-03-20 08:07:40,"SteelSeries Arctis Nova Pro Gaming Headset for Xbox, PC, PS4, and PS5 (Refurb)",$144.99,$249.99,Shipping N/A,https://www.ebay.com/itm/295963007018?_trkparms=5373%3A5000006400%7C5374%3ATech%7C5079%3A5000006427
2025-03-20 08:07:40,Apple Watch Series 6 40mm (GPS + Cellular) Aluminum Case - Very Good,$119.99,$599.00,Shipping N/A,https://www.ebay.com/itm/254878963982?_trkparms=5373%3A5000006400%7C5374%3ATech%7C5079%3A5000006411
2025-03-20 08:07:40,Apple Watch Series 10 GPS + Cellular 42mm Smartwatch Aluminium Case - Excellent,$294.99,$499.00,Shipping N/A,https://www.ebay.com/itm/156512158074?_trkparms=5373%3A5000006400%7C5374%3ATech%7C5079%3A5000006411
2025-03-20 08:07:40,Apple iPhone 14 256GB Factory Unlocked AT&T T-Mobile Verizon Very Good Condition,$369.95,$899.00,Shipping N/A,https://www.ebay.com/itm/295504908589?_trkparms=5373%3A5000006400%7C5374%3ATech%7C5079%3A5000006411
2025-03-20 08:07:40,Apple iPhone 12 64GB - Fully Unlocked - VERY GOOD Condition!! Unlocked!!,$210.99,$599.00,Shipping N/A,https://www.ebay.com/itm/325852789181?_trkparms=5373%3A5000006400%7C5374%3ATech%7C5079%3A5000006411
2025-03-20 08:07:40,Samsung Galaxy Watch5 Pro 45mm R925N GPS + Cellular - Excellent,$86.99,$499.99,Shipping N/A,https://www.ebay.com/itm/256144554687?_trkparms=5373%3A5000006400%7C5374%3ATech%7C5079%3A5000006411
2025-03-20 08:07:40,TP-Link Deco AXE5300 Wi-Fi 6E Tri-Band 9 3-Pack (Refurbished),$174.99,$299.99,Shipping N/A,https://www.ebay.com/itm/144782360525?_trkparms=5373%3A5000006400%7C5374%3ATech%7C5079%3A5000006405
2025-03-20 08:07:40,Ricoh/Fujitsu ScanSnap iX1400 One-Touch 600dpi 40ppm/80ipm Auto Duplex Scanner,$195.00,$435.00,Shipping N/A,https://www.ebay.com/itm/176489716730?_trkparms=5373%3A5000006400%7C5374%3ATech%7C5079%3A5000006405
2025-03-20 08:07:41,"Acer XZ322QU 31.5"" Curved Monitor LED 144Hz 2560x1440 Certified Refurbished",$149.99,$249.99,Shipping N/A,https://www.ebay.com/itm/256547414823?_trkparms=5373%3A5000006400%7C5374%3ATech%7C5079%3A5000006405
2025-03-20 08:07:41,"Acer PM161Q 15.6"" Monitor LCD Display 60Hz 1920x1080 Certified Refurbished",$59.99,$149.99,Shipping N/A,https://www.ebay.com/itm/275924898150?_trkparms=5373%3A5000006400%7C5374%3ATech%7C5079%3A5000006405
2025-03-20 08:07:41,"Acer CB272 E 27"" Monitor FullHD 1920x1080 100Hz IPS 1ms 250Nit HDMI DisplayPort",$89.99,$139.99,Shipping N/A,https://www.ebay.com/itm/266600046936?_trkparms=5373%3A5000006400%7C5374%3ATech%7C5079%3A5000006405
2025-03-20 09:25:59,"2020 Apple iPad 8 10.2"" Display 32GB WiFi Only MYL92LL/A Space Gray - Very Good",$143.99,$329.00,Shipping N/A,https://www.ebay.com/itm/354233898171?_trkparms=5373%3A5000006400%7C5374%3ATech%7C5079%3A5000006400
2025-03-20 09:25:59,"Seagate IronWolf 12TB 7200RPM SATA 6Gb/s 256MB 3.5"" NAS Hard Drive ST12000VN0007",$133.99,$189.99,Shipping N/A,https://www.ebay.com/itm/166672350380?_trkparms=5373%3A5000006400%7C5374%3ATech%7C5079%3A5000006400
2025-03-20 09:25:59,Samsung Galaxy Watch 6 Classic 43mm Bluetooth R950 - Excellent,$99.99,$159.99,Shipping N/A,https://www.ebay.com/itm/326305248291?_trkparms=5373%3A5000006400%7C5374%3ATech%7C5079%3A5000006400
2025-03-20 09:25:59,Logitech - G CLOUD Gaming Handheld Console - White,$164.99,$349.99,Shipping N/A,https://www.ebay.com/itm/167017920150?_trkparms=5373%3A5000006400%7C5374%3ATech%7C5079%3A5000006400
2025-03-20 09:25:59,"1 Year Warranty MacBook Pro 16"" M1 Max 2021 3.20GHz/64GB/1TB/24-Core GPU - A2485","$1,489.99","$2,699.00",Shipping N/A,https://www.ebay.com/itm/356568337558?_trkparms=5373%3A5000006400%7C5374%3ATech%7C5079%3A5000006400
2025-03-20 09:25:59,Samsung Galaxy S22+ 5G SM-S906U1 128GB 256GB Unlocked Very Good Refurbished,$234.95,"$1,199.99",Shipping N/A,https://www.ebay.com/itm/204769428202?_trkparms=5373%3A5000006400%7C5374%3ATech%7C5079%3A5000006400
2025-03-20 09:25:59,"HP ENVY Laptop Intel Core Ultra 7 155U RTX 3050 32GB RAM 1TB SSD 17.3"" FHD W11H",$769.99,"$1,099.99",Shipping N/A,https://www.ebay.com/itm/305844871800?_trkparms=5373%3A5000006400%7C5374%3ATech%7C5079%3A5000006400
2025-03-20 09:25:59,Apple iPhone 14 Pro Max 256GB Unlocked Very Good Condition,$539.99,"$1,199.00",Shipping N/A,https://www.ebay.com/itm/355896538160?_trkparms=5373%3A5000006400%7C5374%3ATech%7C5079%3A5000006400
2025-03-20 09:25:59,Apple iPhone 14 Pro Max 128GB Network Unlocked Very Good Condition,$509.99,"$1,099.00",Shipping N/A,https://www.ebay.com/itm/355094939620?_trkparms=5373%3A5000006400%7C5374%3ATech%7C5079%3A5000006400
2025-03-20 09:25:59,Apple iPhone 14 Pro A2650 128GB Network Unlocked Very Good Condition,$414.99,$899.00,Shipping N/A,https://www.ebay.com/itm/354954088639?_trkparms=5373%3A5000006400%7C5374%3ATech%7C5079%3A5000006400
2025-03-20 09:25:59,Apple iPhone 16 Pro Max 256GB Unlocked Excellent Condition,$969.99,"$1,699.00",Shipping N/A,https://www.ebay.com/itm/356605681295?_trkparms=5373%3A5000006400%7C5374%3ATech%7C5079%3A5000006400
2025-03-20 09:26:00,Apple iPhone 14 Pro A2650 256GB Unlocked Very Good Condition,$439.99,$999.00,Shipping N/A,https://www.ebay.com/itm/355896536737?_trkparms=5373%3A5000006400%7C5374%3ATech%7C5079%3A5000006400
2025-03-20 09:26:00,Apple iPhone 14 256GB Factory Unlocked AT&T T-Mobile Verizon Very Good Condition,$369.95,$899.00,Shipping N/A,https://www.ebay.com/itm/295504908589?_trkparms=5373%3A5000006400%7C5374%3ATech%7C5079%3A5000006423
2025-03-20 09:26:00,Apple iPhone 12 64GB - Fully Unlocked - VERY GOOD Condition!! Unlocked!!,$210.99,$599.00,Shipping N/A,https://www.ebay.com/itm/325852789181?_trkparms=5373%3A5000006400%7C5374%3ATech%7C5079%3A5000006423
2025-03-20 09:26:00,Apple iPhone 14 256GB Network Unlocked Excellent Condition,$402.50,$426.21,Shipping N/A,https://www.ebay.com/itm/356103750807?_trkparms=5373%3A5000006400%7C5374%3ATech%7C5079%3A5000006423
2025-03-20 09:26:00,ASUS Zenfone V V520KL A006 32GB Verizon - Excellent,$41.95,$329.00,Shipping N/A,https://www.ebay.com/itm/387587045897?_trkparms=5373%3A5000006400%7C5374%3ATech%7C5079%3A5000006423
2025-03-20 09:26:00,Samsung Galaxy J7 J727 16GB Verizon - Excellent,$47.95,$189.00,Shipping N/A,https://www.ebay.com/itm/385437851164?_trkparms=5373%3A5000006400%7C5374%3ATech%7C5079%3A5000006423
2025-03-20 09:26:00,"HP Laptop AMD Ryzen 5 7530U 16GB 1 TB SSD 17.3"" Touchscreen W11H 17-cp3055cl",$399.99,$599.99,Shipping N/A,https://www.ebay.com/itm/305956067711?_trkparms=5373%3A5000006400%7C5374%3ATech%7C5079%3A5000006407
2025-03-20 09:26:00,"Apple MacBook Pro 13"" Late 2020 M1 1TB SSD 16GB RAM Space Gray - Good",$649.99,,Shipping N/A,https://www.ebay.com/itm/156171886224?_trkparms=5373%3A5000006400%7C5374%3ATech%7C5079%3A5000006407
2025-03-20 09:26:00,"Acer Aspire 3 Laptop 15.6"" 1TB AMD Ryzen 5 7520U 2.8GHz Certified Reburbished",$275.99,$499.99,Shipping N/A,https://www.ebay.com/itm/266889342994?_trkparms=5373%3A5000006400%7C5374%3ATech%7C5079%3A5000006407
2025-03-20 09:26:00,Acer PredatorNeo Laptop 16 16GB 1TB NVIDIA GeForce RTX4060 Certified Refurbished,$960.99,"$2,371.82",Shipping N/A,https://www.ebay.com/itm/266889342832?_trkparms=5373%3A5000006400%7C5374%3ATech%7C5079%3A5000006407
2025-03-20 09:26:00,"Apple MacBook Pro 2021 MS3-96w M1 Pro 16GB RAM 16"" 512GB SSD Very Good",$899.00,"$1,499.00",Shipping N/A,https://www.ebay.com/itm/146346000047?_trkparms=5373%3A5000006400%7C5374%3ATech%7C5079%3A5000006407
2025-03-20 09:26:00,LG 55-Inch Class OLED evo G4 Series 4K TV with webOS 24,"$1,499.00","$3,199.95",Shipping N/A,https://www.ebay.com/itm/186732090674?_trkparms=5373%3A5000006400%7C5374%3ATech%7C5079%3A5000006409
2025-03-20 09:26:00,Samsung Music Frame Dolby Atmos Picture Frame/Smart Speaker,$183.00,$499.99,Shipping N/A,https://www.ebay.com/itm/186849010545?_trkparms=5373%3A5000006400%7C5374%3ATech%7C5079%3A5000006409
2025-03-20 09:26:00,LG 77-Inch Class OLED evo C4 Series TV with webOS 24,"$1,856.00","$4,199.95",Shipping N/A,https://www.ebay.com/itm/156232239135?_trkparms=5373%3A5000006400%7C5374%3ATech%7C5079%3A5000006409
2025-03-20 09:26:00,BenQ GP500 4K HDR LED Smart Home Theater Projector 1500 Lm Auto Focus 1.3x zoom,$734.00,"$1,799.00",Shipping N/A,https://www.ebay.com/itm/166398780476?_trkparms=5373%3A5000006400%7C5374%3ATech%7C5079%3A5000006409
2025-03-20 09:26:00,BenQ X300G 2000lm 4K Portable Gaming Projector 4ms Short Throw 3D Auto Keystone,$947.00,"$1,499.99",Shipping N/A,https://www.ebay.com/itm/375807945661?_trkparms=5373%3A5000006400%7C5374%3ATech%7C5079%3A5000006409
2025-03-20 09:26:00,DJI Mavic 3 Classic Fly More Pro Vlogger -2 Battery Combo (DJI RC) Drone-CRB,"$1,499.00","$1,899.00",Shipping N/A,https://www.ebay.com/itm/305955941857?_trkparms=5373%3A5000006400%7C5374%3ATech%7C5079%3A5000006430
2025-03-20 09:26:00,DJI Mini 3 Pro Fly More Vlogger Combo (DJI RC ) Drone 4k,$937.00,"$1,249.00",Shipping N/A,https://www.ebay.com/itm/305845152874?_trkparms=5373%3A5000006400%7C5374%3ATech%7C5079%3A5000006430
2025-03-20 09:26:00,Samsung Music Frame Dolby Atmos Picture Frame/Smart Speaker,$183.00,$499.99,Shipping N/A,https://www.ebay.com/itm/186849010545?_trkparms=5373%3A5000006400%7C5374%3ATech%7C5079%3A5000006430
2025-03-20 09:26:00,Sony FE 24-70mm F2.8 GM II Lens,"$1,719.00","$2,306.99",Shipping N/A,https://www.ebay.com/itm/204911213109?_trkparms=5373%3A5000006400%7C5374%3ATech%7C5079%3A5000006430
2025-03-20 09:26:01,"Panasonic LUMIX GH5M2, 20.3MP Mirrorless Micro Four Thirds Camera with Live",$874.00,"$1,187.99",Shipping N/A,https://www.ebay.com/itm/205309160774?_trkparms=5373%3A5000006400%7C5374%3ATech%7C5079%3A5000006430
2025-03-20 09:26:01,Nintendo Switch OLED 64GB NEON Red Blue Joy Con Newest Version +FAST FREE SHIP!‚≠ê,$269.99,$359.99,Shipping N/A,https://www.ebay.com/itm/195122716310?_trkparms=5373%3A5000006400%7C5374%3ATech%7C5079%3A5000006401
2025-03-20 09:26:01,üî• Nintendo Switch OLED 64GB WHITE Joy Cons Newest Game Console + 2 Day SHIP! üî•,$269.99,$369.99,Shipping N/A,https://www.ebay.com/itm/194991515485?_trkparms=5373%3A5000006400%7C5374%3ATech%7C5079%3A5000006401
2025-03-20 09:26:01,"Audeze Maxwell Wireless Gaming Headset for Xbox, PS, Mac, & PC",$278.00,$373.99,Shipping N/A,https://www.ebay.com/itm/205305863435?_trkparms=5373%3A5000006400%7C5374%3ATech%7C5079%3A5000006401
2025-03-20 09:26:01,"Audeze Maxwell Wireless Gaming Headset for PlayStation, Mac, PC, and Switch",$264.00,$305.99,Shipping N/A,https://www.ebay.com/itm/197038681586?_trkparms=5373%3A5000006400%7C5374%3ATech%7C5079%3A5000006401
2025-03-20 09:26:01,Nintendo Switch Console with Neon Blue and Neon Red Joy Cons 32GB V2,$243.33,$299.99,Shipping N/A,https://www.ebay.com/itm/195302472644?_trkparms=5373%3A5000006400%7C5374%3ATech%7C5079%3A5000006401
2025-03-20 09:26:01,"2020 iPad 8th Gen 10.2"" MYN32LL/A 32GB & Cellular Unlocked (Space Gray) - Good",$136.99,$329.00,Shipping N/A,https://www.ebay.com/itm/354250488438?_trkparms=5373%3A5000006400%7C5374%3ATech%7C5079%3A5000006415
2025-03-20 09:26:01,"Samsung Galaxy Tab S8 Ultra 14.6"" 128GB X900 Wifi Only No S-Pen - Excellent",$390.00,$899.99,Shipping N/A,https://www.ebay.com/itm/256402595266?_trkparms=5373%3A5000006400%7C5374%3ATech%7C5079%3A5000006415
2025-03-20 09:26:01,Apple - Geek Squad Certified Refurbished 11-Inch iPad Pro with Wi-Fi - 128GB ...,Price N/A,$799.00,Shipping N/A,https://www.ebay.com/itm/196689072910?_trkparms=5373%3A5000006400%7C5374%3ATech%7C5079%3A5000006415
2025-03-20 09:26:01,Acer Iconia Android Tablet - 64GB SSD - A8 A8-11-A30S - Certified Refurbished,$79.99,,Shipping N/A,https://www.ebay.com/itm/256754458088?_trkparms=5373%3A5000006400%7C5374%3ATech%7C5079%3A5000006415
2025-03-20 09:26:01,Apple iPad Mini (A17 Pro) 128GB WiFi Excellent Condition - All Colors,$389.99,$499.99,Shipping N/A,https://www.ebay.com/itm/286219710468?_trkparms=5373%3A5000006400%7C5374%3ATech%7C5079%3A5000006415
2025-03-20 09:26:01,Apple AirPods Pro 2nd Generation Gen 2 2023 A2968 with Magsafe USB-C Charging,$149.95,$250.00,Shipping N/A,https://www.ebay.com/itm/285636515887?_trkparms=5373%3A5000006400%7C5374%3ATech%7C5079%3A5000006419
2025-03-20 09:26:01,Sony WF-1000XM5 Truly Wireless Bluetooth Noise Canceling Headphones - Black,$112.99,$299.99,Shipping N/A,https://www.ebay.com/itm/276015021037?_trkparms=5373%3A5000006400%7C5374%3ATech%7C5079%3A5000006419
2025-03-20 09:26:01,Anker PowerCoreIII Sense Portable Charger 10K Power Bank 20W USB-C for iPhone,$14.99,$39.99,Shipping N/A,https://www.ebay.com/itm/383508840902?_trkparms=5373%3A5000006400%7C5374%3ATech%7C5079%3A5000006419
2025-03-20 09:26:01,Anker 20W USB-C Portable Charger Power Bank 10000mAh Power Delivery Battery Pack,$14.99,$39.99,Shipping N/A,https://www.ebay.com/itm/385001141142?_trkparms=5373%3A5000006400%7C5374%3ATech%7C5079%3A5000006419
2025-03-20 09:26:01,Soundcore Liberty 4 SE True Wireless Earbuds Heart Rate Sensor Noise Cancelling,$46.99,$149.99,Shipping N/A,https://www.ebay.com/itm/385693088002?_trkparms=5373%3A5000006400%7C5374%3ATech%7C5079%3A5000006419
2025-03-20 09:26:01,"Seagate Exos 28TB 7.2K RPM SATA 6Gb/s 3.5"" Enterprise HDD - ST28000NM000C",$334.99,$379.99,Shipping N/A,https://www.ebay.com/itm/296879436001?_trkparms=5373%3A5000006400%7C5374%3ATech%7C5079%3A5000006421
2025-03-20 09:26:01,"Seagate Skyhawk AI ST12000VX0017 12TB 7200RPM 3.5"" SATA 6.0Gb/s Surveillance HDD",$115.99,$179.99,Shipping N/A,https://www.ebay.com/itm/176895047318?_trkparms=5373%3A5000006400%7C5374%3ATech%7C5079%3A5000006421
2025-03-20 09:26:01,"Seagate EXOS X16 ST14000NM005G 14TB 256MB 7200rpm 3.5"" SATA 6Gb/s Enterprise HDD",$147.99,$199.99,Shipping N/A,https://www.ebay.com/itm/176825170520?_trkparms=5373%3A5000006400%7C5374%3ATech%7C5079%3A5000006421
2025-03-20 09:26:01,"Seagate EXOS X16 16TB 256MB 7200rpm 3.5"" SATA 6Gb/s Enterprise HDD ST16000NM001G",$179.99,$219.99,Shipping N/A,https://www.ebay.com/itm/175804626117?_trkparms=5373%3A5000006400%7C5374%3ATech%7C5079%3A5000006421
2025-03-20 09:26:02,"Seagate ST12000NM0117 12TB 256MB 7200RPM 3.5"" SATA 6.0Gb/s Enterprise Hard Drive",$124.99,$179.99,Shipping N/A,https://www.ebay.com/itm/176407579611?_trkparms=5373%3A5000006400%7C5374%3ATech%7C5079%3A5000006421
2025-03-20 09:26:02,"Aura Studio 3, Wireless speaker with beautiful Harman Kardon sound",$99.95,$299.95,Shipping N/A,https://www.ebay.com/itm/395535173196?_trkparms=5373%3A5000006400%7C5374%3ATech%7C5079%3A5000006403
2025-03-20 09:26:02,STATUS Between 3ANC Wireless Earbuds (CERTIFIED REFURBISHED) - ONYX,$82.88,$119.00,Shipping N/A,https://www.ebay.com/itm/266692431952?_trkparms=5373%3A5000006400%7C5374%3ATech%7C5079%3A5000006403
2025-03-20 09:26:02,Sony WH-1000XM5/B Wireless Industry Leading Noise Canceling Bluetooth Headphones,$199.99,$399.99,Shipping N/A,https://www.ebay.com/itm/314074071401?_trkparms=5373%3A5000006400%7C5374%3ATech%7C5079%3A5000006403
2025-03-20 09:26:02,Skullcandy Smokin' Buds XT- Black (CERTIFIED REFURBISHED),$11.13,$18.99,Shipping N/A,https://www.ebay.com/itm/266646620402?_trkparms=5373%3A5000006400%7C5374%3ATech%7C5079%3A5000006403
2025-03-20 09:26:02,Sony WF-1000XM5 Truly Wireless Bluetooth Noise Canceling Headphones - Silver,$112.99,$299.99,Shipping N/A,https://www.ebay.com/itm/276042057973?_trkparms=5373%3A5000006400%7C5374%3ATech%7C5079%3A5000006403
2025-03-20 09:26:02,Ricoh/Fujitsu ScanSnap iX1400 One-Touch 600dpi 40ppm/80ipm Auto Duplex Scanner,$195.00,$435.00,Shipping N/A,https://www.ebay.com/itm/176489716730?_trkparms=5373%3A5000006400%7C5374%3ATech%7C5079%3A5000006417
2025-03-20 09:26:02,Epson RapidReceipt RR-600W Wireless Scanner - Certified Refurbished,$279.99,$299.99,Shipping N/A,https://www.ebay.com/itm/204884183797?_trkparms=5373%3A5000006400%7C5374%3ATech%7C5079%3A5000006417
2025-03-20 09:26:02,Epson Perfection V600 Photo Scanner - Certified Refurbished,$299.99,,Shipping N/A,https://www.ebay.com/itm/226451126467?_trkparms=5373%3A5000006400%7C5374%3ATech%7C5079%3A5000006417
2025-03-20 09:26:02,Canon Color imageCLASS MF642Cdw Wireless Laser Printer w/ Toner PRMCT054H-4 Pack,$309.99,$599.95,Shipping N/A,https://www.ebay.com/itm/296874880362?_trkparms=5373%3A5000006400%7C5374%3ATech%7C5079%3A5000006417
2025-03-20 09:26:02,Canon Color imageCLASS MF642Cdw Wireless All-In-One Laser Printer - White,$259.99,$309.95,Shipping N/A,https://www.ebay.com/itm/375669059982?_trkparms=5373%3A5000006400%7C5374%3ATech%7C5079%3A5000006417
2025-03-20 09:26:02,Hifonics HFXR Digital Signal Processor Universal Mobile Audio Silver New,$49.95,$99.99,Shipping N/A,https://www.ebay.com/itm/155477831041?_trkparms=5373%3A5000006400%7C5374%3ATech%7C5079%3A5000006432
2025-03-20 09:26:02,MB Quart FKB169 6x9 2-Way Car Speakers 75W RMS 150W Peak UTV Compatible New,$39.95,$79.99,Shipping N/A,https://www.ebay.com/itm/155534258683?_trkparms=5373%3A5000006400%7C5374%3ATech%7C5079%3A5000006432
2025-03-20 09:26:02,MB Quart Formula FKB168 5x7/6x8 2-Way Car Speakers 50W RMS 100W Peak Power New,$24.99,$44.99,Shipping N/A,https://www.ebay.com/itm/155534260342?_trkparms=5373%3A5000006400%7C5374%3ATech%7C5079%3A5000006432
2025-03-20 09:26:02,ZS5768CX ZEUS 5x7/6x8 Inch Speakers 1-inch Neo-Mylar Soft Dome Tweeter,$26.73,$54.99,Shipping N/A,https://www.ebay.com/itm/155691326798?_trkparms=5373%3A5000006400%7C5374%3ATech%7C5079%3A5000006432
2025-03-20 09:26:02,Autotek TA-1255.4 1200W 4-Channel Car Amplifier Class A/B Bass EQ Black New,$59.99,$139.99,Shipping N/A,https://www.ebay.com/itm/155835298403?_trkparms=5373%3A5000006400%7C5374%3ATech%7C5079%3A5000006432
2025-03-20 09:26:02,Sony FE 24-70mm F2.8 GM II Lens,"$1,719.00","$2,306.99",Shipping N/A,https://www.ebay.com/itm/204911213109?_trkparms=5373%3A5000006400%7C5374%3ATech%7C5079%3A5000006425
2025-03-20 09:26:02,Canon 3680C002 Rf 24-70mm F2.8 L is USM,"$1,849.00","$2,656.99",Shipping N/A,https://www.ebay.com/itm/326389378879?_trkparms=5373%3A5000006400%7C5374%3ATech%7C5079%3A5000006425
2025-03-20 09:26:02,"Sigma 24-70MM F2.8 DG DN II ART Lens, L Mount",$999.00,"$2,616.00",Shipping N/A,https://www.ebay.com/itm/286205099093?_trkparms=5373%3A5000006400%7C5374%3ATech%7C5079%3A5000006425
2025-03-20 09:26:03,SIGMA 70-200 mm F2.8 DG DN OS Sports for Sony E-Mount with Accessories Bundle,"$1,499.99","$1,599.00",Shipping N/A,https://www.ebay.com/itm/285604708125?_trkparms=5373%3A5000006400%7C5374%3ATech%7C5079%3A5000006425
2025-03-20 09:26:03,Sigma 23mm F1.4 DC DN Contemporary Lens for Sony E Mount with Camera Bag Bundle,$499.99,$594.00,Shipping N/A,https://www.ebay.com/itm/285307948467?_trkparms=5373%3A5000006400%7C5374%3ATech%7C5079%3A5000006425
2025-03-20 09:26:03,LG 55-Inch Class OLED evo G4 Series 4K TV with webOS 24,"$1,499.00","$3,199.95",Shipping N/A,https://www.ebay.com/itm/186732090674?_trkparms=5373%3A5000006400%7C5374%3ATech%7C5079%3A5000006413
2025-03-20 09:26:03,Samsung Music Frame Dolby Atmos Picture Frame/Smart Speaker,$183.00,$499.99,Shipping N/A,https://www.ebay.com/itm/186849010545?_trkparms=5373%3A5000006400%7C5374%3ATech%7C5079%3A5000006413
2025-03-20 09:26:03,"Aura Studio 3, Wireless speaker with beautiful Harman Kardon sound",$99.95,$299.95,Shipping N/A,https://www.ebay.com/itm/395535173196?_trkparms=5373%3A5000006400%7C5374%3ATech%7C5079%3A5000006413
2025-03-20 09:26:03,LG 77-Inch Class OLED evo C4 Series TV with webOS 24,"$1,856.00","$4,199.95",Shipping N/A,https://www.ebay.com/itm/156232239135?_trkparms=5373%3A5000006400%7C5374%3ATech%7C5079%3A5000006413
2025-03-20 09:26:03,STATUS Between 3ANC Wireless Earbuds (CERTIFIED REFURBISHED) - ONYX,$82.88,$119.00,Shipping N/A,https://www.ebay.com/itm/266692431952?_trkparms=5373%3A5000006400%7C5374%3ATech%7C5079%3A5000006413
2025-03-20 09:26:03,Apple Pencil (USB-C) - White Stylus MUWA3AM/A with Pixel-Perfect Precision,$51.45,$80.00,Shipping N/A,https://www.ebay.com/itm/296262723993?_trkparms=5373%3A5000006400%7C5374%3ATech%7C5079%3A5000006427
2025-03-20 09:26:03,"Logitech Z623 400 Watt Home Speaker System, 2.1 Speaker System - Black",$95.00,$132.68,Shipping N/A,https://www.ebay.com/itm/167065352702?_trkparms=5373%3A5000006400%7C5374%3ATech%7C5079%3A5000006427
2025-03-20 09:26:03,Logitech G560 PC Gaming Speaker System with 7.1 DTS:X Ultra Surround Sound,$128.00,$249.99,Shipping N/A,https://www.ebay.com/itm/167051732357?_trkparms=5373%3A5000006400%7C5374%3ATech%7C5079%3A5000006427
2025-03-20 09:26:03,Razer Barracuda X Wireless Multi Platform Gaming and Mobile Black Headset,$41.99,$99.95,Shipping N/A,https://www.ebay.com/itm/286097764131?_trkparms=5373%3A5000006400%7C5374%3ATech%7C5079%3A5000006427
2025-03-20 09:26:03,"SteelSeries Arctis Nova Pro Gaming Headset for Xbox, PC, PS4, and PS5 (Refurb)",$144.99,$249.99,Shipping N/A,https://www.ebay.com/itm/295963007018?_trkparms=5373%3A5000006400%7C5374%3ATech%7C5079%3A5000006427
2025-03-20 09:26:03,Apple Watch Series 6 40mm (GPS + Cellular) Aluminum Case - Very Good,$119.99,$599.00,Shipping N/A,https://www.ebay.com/itm/254878963982?_trkparms=5373%3A5000006400%7C5374%3ATech%7C5079%3A5000006411
2025-03-20 09:26:03,Apple Watch Series 10 GPS + Cellular 42mm Smartwatch Aluminium Case - Excellent,$294.99,$499.00,Shipping N/A,https://www.ebay.com/itm/156512158074?_trkparms=5373%3A5000006400%7C5374%3ATech%7C5079%3A5000006411
2025-03-20 09:26:03,Apple iPhone 14 256GB Factory Unlocked AT&T T-Mobile Verizon Very Good Condition,$369.95,$899.00,Shipping N/A,https://www.ebay.com/itm/295504908589?_trkparms=5373%3A5000006400%7C5374%3ATech%7C5079%3A5000006411
2025-03-20 09:26:03,Apple iPhone 12 64GB - Fully Unlocked - VERY GOOD Condition!! Unlocked!!,$210.99,$599.00,Shipping N/A,https://www.ebay.com/itm/325852789181?_trkparms=5373%3A5000006400%7C5374%3ATech%7C5079%3A5000006411
2025-03-20 09:26:03,Samsung Galaxy Watch5 Pro 45mm R925N GPS + Cellular - Excellent,$86.99,$499.99,Shipping N/A,https://www.ebay.com/itm/256144554687?_trkparms=5373%3A5000006400%7C5374%3ATech%7C5079%3A5000006411
2025-03-20 09:26:03,TP-Link Deco AXE5300 Wi-Fi 6E Tri-Band 9 3-Pack (Refurbished),$174.99,$299.99,Shipping N/A,https://www.ebay.com/itm/144782360525?_trkparms=5373%3A5000006400%7C5374%3ATech%7C5079%3A5000006405
2025-03-20 09:26:03,Ricoh/Fujitsu ScanSnap iX1400 One-Touch 600dpi 40ppm/80ipm Auto Duplex Scanner,$195.00,$435.00,Shipping N/A,https://www.ebay.com/itm/176489716730?_trkparms=5373%3A5000006400%7C5374%3ATech%7C5079%3A5000006405
2025-03-20 09:26:03,"Acer XZ322QU 31.5"" Curved Monitor LED 144Hz 2560x1440 Certified Refurbished",$149.99,$249.99,Shipping N/A,https://www.ebay.com/itm/256547414823?_trkparms=5373%3A5000006400%7C5374%3ATech%7C5079%3A5000006405
2025-03-20 09:26:04,"Acer PM161Q 15.6"" Monitor LCD Display 60Hz 1920x1080 Certified Refurbished",$59.99,$149.99,Shipping N/A,https://www.ebay.com/itm/275924898150?_trkparms=5373%3A5000006400%7C5374%3ATech%7C5079%3A5000006405
2025-03-20 09:26:04,"Acer CB272 E 27"" Monitor FullHD 1920x1080 100Hz IPS 1ms 250Nit HDMI DisplayPort",$89.99,$139.99,Shipping N/A,https://www.ebay.com/itm/266600046936?_trkparms=5373%3A5000006400%7C5374%3ATech%7C5079%3A5000006405
2025-03-20 12:46:56,"2020 Apple iPad 8 10.2"" Display 32GB WiFi Only MYL92LL/A Space Gray - Very Good",$143.99,$329.00,Shipping N/A,https://www.ebay.com/itm/354233898171?_trkparms=5373%3A5000006400%7C5374%3ATech%7C5079%3A5000006400
2025-03-20 12:46:56,"Seagate IronWolf 12TB 7200RPM SATA 6Gb/s 256MB 3.5"" NAS Hard Drive ST12000VN0007",$133.99,$189.99,Shipping N/A,https://www.ebay.com/itm/166672350380?_trkparms=5373%3A5000006400%7C5374%3ATech%7C5079%3A5000006400
2025-03-20 12:46:57,Samsung Galaxy Watch 6 Classic 43mm Bluetooth R950 - Excellent,$99.99,$159.99,Shipping N/A,https://www.ebay.com/itm/326305248291?_trkparms=5373%3A5000006400%7C5374%3ATech%7C5079%3A5000006400
2025-03-20 12:46:57,Logitech - G CLOUD Gaming Handheld Console - White,$164.99,$349.99,Shipping N/A,https://www.ebay.com/itm/167017920150?_trkparms=5373%3A5000006400%7C5374%3ATech%7C5079%3A5000006400
2025-03-20 12:46:57,"1 Year Warranty MacBook Pro 16"" M1 Max 2021 3.20GHz/64GB/1TB/24-Core GPU - A2485","$1,489.99","$2,699.00",Shipping N/A,https://www.ebay.com/itm/356568337558?_trkparms=5373%3A5000006400%7C5374%3ATech%7C5079%3A5000006400
2025-03-20 12:46:57,Samsung Galaxy S22+ 5G SM-S906U1 128GB 256GB Unlocked Very Good Refurbished,$234.95,"$1,199.99",Shipping N/A,https://www.ebay.com/itm/204769428202?_trkparms=5373%3A5000006400%7C5374%3ATech%7C5079%3A5000006400
2025-03-20 12:46:57,"HP ENVY Laptop Intel Core Ultra 7 155U RTX 3050 32GB RAM 1TB SSD 17.3"" FHD W11H",$769.99,"$1,099.99",Shipping N/A,https://www.ebay.com/itm/305844871800?_trkparms=5373%3A5000006400%7C5374%3ATech%7C5079%3A5000006400
2025-03-20 12:46:57,Apple iPhone 14 Pro Max 256GB Unlocked Very Good Condition,$539.99,"$1,199.00",Shipping N/A,https://www.ebay.com/itm/355896538160?_trkparms=5373%3A5000006400%7C5374%3ATech%7C5079%3A5000006400
2025-03-20 12:46:57,"Lenovo - IdeaPad Slim 3 Chromebook Laptop - 14"" FHD Touchscreen Laptop - Medi...",Price N/A,$319.00,Shipping N/A,https://www.ebay.com/itm/204735223871?_trkparms=5373%3A5000006400%7C5374%3ATech%7C5079%3A5000006400
2025-03-20 12:46:57,Apple iPhone 14 Pro Max 128GB Network Unlocked Very Good Condition,$509.99,"$1,099.00",Shipping N/A,https://www.ebay.com/itm/355094939620?_trkparms=5373%3A5000006400%7C5374%3ATech%7C5079%3A5000006400
2025-03-20 12:46:57,"Microsoft Surface Laptop 7 Copilot+PC 13.8"" Snapdragon X Plus 16GB RAM 256GB SSD",$602.00,$999.00,Shipping N/A,https://www.ebay.com/itm/176698351316?_trkparms=5373%3A5000006400%7C5374%3ATech%7C5079%3A5000006400
2025-03-20 12:46:57,Apple iPhone 14 Pro A2650 128GB Network Unlocked Very Good Condition,$414.99,$899.00,Shipping N/A,https://www.ebay.com/itm/354954088639?_trkparms=5373%3A5000006400%7C5374%3ATech%7C5079%3A5000006400
2025-03-20 12:46:57,Apple iPhone 14 256GB Factory Unlocked AT&T T-Mobile Verizon Very Good Condition,$369.95,$899.00,Shipping N/A,https://www.ebay.com/itm/295504908589?_trkparms=5373%3A5000006400%7C5374%3ATech%7C5079%3A5000006423
2025-03-20 12:46:57,Apple iPhone 12 64GB - Fully Unlocked - VERY GOOD Condition!! Unlocked!!,$210.99,$599.00,Shipping N/A,https://www.ebay.com/itm/325852789181?_trkparms=5373%3A5000006400%7C5374%3ATech%7C5079%3A5000006423
2025-03-20 12:46:57,Apple iPhone 14 256GB Network Unlocked Excellent Condition,$402.50,$426.21,Shipping N/A,https://www.ebay.com/itm/356103750807?_trkparms=5373%3A5000006400%7C5374%3ATech%7C5079%3A5000006423
2025-03-20 12:46:57,ASUS Zenfone V V520KL A006 32GB Verizon - Excellent,$41.95,$329.00,Shipping N/A,https://www.ebay.com/itm/387587045897?_trkparms=5373%3A5000006400%7C5374%3ATech%7C5079%3A5000006423
2025-03-20 12:46:57,Samsung Galaxy J7 J727 16GB Verizon - Excellent,$47.95,$189.00,Shipping N/A,https://www.ebay.com/itm/385437851164?_trkparms=5373%3A5000006400%7C5374%3ATech%7C5079%3A5000006423
2025-03-20 12:46:57,"HP Laptop AMD Ryzen 5 7530U 16GB 1 TB SSD 17.3"" Touchscreen W11H 17-cp3055cl",$399.99,$599.99,Shipping N/A,https://www.ebay.com/itm/305956067711?_trkparms=5373%3A5000006400%7C5374%3ATech%7C5079%3A5000006407
2025-03-20 12:46:57,"Apple MacBook Pro 13"" Late 2020 M1 1TB SSD 16GB RAM Space Gray - Good",$649.99,N/A,Shipping N/A,https://www.ebay.com/itm/156171886224?_trkparms=5373%3A5000006400%7C5374%3ATech%7C5079%3A5000006407
2025-03-20 12:46:57,"Acer Aspire 3 Laptop 15.6"" 1TB AMD Ryzen 5 7520U 2.8GHz Certified Reburbished",$275.99,$499.99,Shipping N/A,https://www.ebay.com/itm/266889342994?_trkparms=5373%3A5000006400%7C5374%3ATech%7C5079%3A5000006407
2025-03-20 12:46:57,Acer PredatorNeo Laptop 16 16GB 1TB NVIDIA GeForce RTX4060 Certified Refurbished,$960.99,"$2,371.82",Shipping N/A,https://www.ebay.com/itm/266889342832?_trkparms=5373%3A5000006400%7C5374%3ATech%7C5079%3A5000006407
2025-03-20 12:46:58,"Apple MacBook Pro 2021 MS3-96w M1 Pro 16GB RAM 16"" 512GB SSD Very Good",$899.00,"$1,499.00",Shipping N/A,https://www.ebay.com/itm/146346000047?_trkparms=5373%3A5000006400%7C5374%3ATech%7C5079%3A5000006407
2025-03-20 12:46:58,LG 55-Inch Class OLED evo G4 Series 4K TV with webOS 24,"$1,499.00","$3,199.95",Shipping N/A,https://www.ebay.com/itm/186732090674?_trkparms=5373%3A5000006400%7C5374%3ATech%7C5079%3A5000006409
2025-03-20 12:46:58,Samsung Music Frame Dolby Atmos Picture Frame/Smart Speaker,$183.00,$499.99,Shipping N/A,https://www.ebay.com/itm/186849010545?_trkparms=5373%3A5000006400%7C5374%3ATech%7C5079%3A5000006409
2025-03-20 12:46:58,LG 77-Inch Class OLED evo C4 Series TV with webOS 24,"$1,856.00","$4,199.95",Shipping N/A,https://www.ebay.com/itm/156232239135?_trkparms=5373%3A5000006400%7C5374%3ATech%7C5079%3A5000006409
2025-03-20 12:46:58,BenQ GP500 4K HDR LED Smart Home Theater Projector 1500 Lm Auto Focus 1.3x zoom,$734.00,"$1,799.00",Shipping N/A,https://www.ebay.com/itm/166398780476?_trkparms=5373%3A5000006400%7C5374%3ATech%7C5079%3A5000006409
2025-03-20 12:46:58,BenQ X300G 2000lm 4K Portable Gaming Projector 4ms Short Throw 3D Auto Keystone,$947.00,"$1,499.99",Shipping N/A,https://www.ebay.com/itm/375807945661?_trkparms=5373%3A5000006400%7C5374%3ATech%7C5079%3A5000006409
2025-03-20 12:46:58,DJI Mavic 3 Classic Fly More Pro Vlogger -2 Battery Combo (DJI RC) Drone-CRB,"$1,499.00","$1,899.00",Shipping N/A,https://www.ebay.com/itm/305955941857?_trkparms=5373%3A5000006400%7C5374%3ATech%7C5079%3A5000006430
2025-03-20 12:46:58,DJI Mini 3 Pro Fly More Vlogger Combo (DJI RC ) Drone 4k,$937.00,"$1,249.00",Shipping N/A,https://www.ebay.com/itm/305845152874?_trkparms=5373%3A5000006400%7C5374%3ATech%7C5079%3A5000006430
2025-03-20 12:46:58,Samsung Music Frame Dolby Atmos Picture Frame/Smart Speaker,$183.00,$499.99,Shipping N/A,https://www.ebay.com/itm/186849010545?_trkparms=5373%3A5000006400%7C5374%3ATech%7C5079%3A5000006430
2025-03-20 12:46:58,Sony FE 24-70mm F2.8 GM II Lens,"$1,719.00","$2,306.99",Shipping N/A,https://www.ebay.com/itm/204911213109?_trkparms=5373%3A5000006400%7C5374%3ATech%7C5079%3A5000006430
2025-03-20 12:46:58,"Panasonic LUMIX GH5M2, 20.3MP Mirrorless Micro Four Thirds Camera with Live",$874.00,"$1,187.99",Shipping N/A,https://www.ebay.com/itm/205309160774?_trkparms=5373%3A5000006400%7C5374%3ATech%7C5079%3A5000006430
2025-03-20 12:46:58,Nintendo Switch OLED 64GB NEON Red Blue Joy Con Newest Version +FAST FREE SHIP!‚≠ê,$269.99,$359.99,Shipping N/A,https://www.ebay.com/itm/195122716310?_trkparms=5373%3A5000006400%7C5374%3ATech%7C5079%3A5000006401
2025-03-20 12:46:58,üî• Nintendo Switch OLED 64GB WHITE Joy Cons Newest Game Console + 2 Day SHIP! üî•,$269.99,$369.99,Shipping N/A,https://www.ebay.com/itm/194991515485?_trkparms=5373%3A5000006400%7C5374%3ATech%7C5079%3A5000006401
2025-03-20 12:46:58,"Audeze Maxwell Wireless Gaming Headset for Xbox, PS, Mac, & PC",$278.00,$373.99,Shipping N/A,https://www.ebay.com/itm/205305863435?_trkparms=5373%3A5000006400%7C5374%3ATech%7C5079%3A5000006401
2025-03-20 12:46:58,"Audeze Maxwell Wireless Gaming Headset for PlayStation, Mac, PC, and Switch",$264.00,$305.99,Shipping N/A,https://www.ebay.com/itm/197038681586?_trkparms=5373%3A5000006400%7C5374%3ATech%7C5079%3A5000006401
2025-03-20 12:46:58,Nintendo Switch Console with Neon Blue and Neon Red Joy Cons 32GB V2,$243.33,$299.99,Shipping N/A,https://www.ebay.com/itm/195302472644?_trkparms=5373%3A5000006400%7C5374%3ATech%7C5079%3A5000006401
2025-03-20 12:46:59,"2020 iPad 8th Gen 10.2"" MYN32LL/A 32GB & Cellular Unlocked (Space Gray) - Good",$136.99,$329.00,Shipping N/A,https://www.ebay.com/itm/354250488438?_trkparms=5373%3A5000006400%7C5374%3ATech%7C5079%3A5000006415
2025-03-20 12:46:59,"Samsung Galaxy Tab S8 Ultra 14.6"" 128GB X900 Wifi Only No S-Pen - Excellent",$390.00,$899.99,Shipping N/A,https://www.ebay.com/itm/256402595266?_trkparms=5373%3A5000006400%7C5374%3ATech%7C5079%3A5000006415
2025-03-20 12:46:59,Apple - Geek Squad Certified Refurbished 11-Inch iPad Pro with Wi-Fi - 128GB ...,Price N/A,$799.00,Shipping N/A,https://www.ebay.com/itm/196689072910?_trkparms=5373%3A5000006400%7C5374%3ATech%7C5079%3A5000006415
2025-03-20 12:46:59,Acer Iconia Android Tablet - 64GB SSD - A8 A8-11-A30S - Certified Refurbished,$79.99,N/A,Shipping N/A,https://www.ebay.com/itm/256754458088?_trkparms=5373%3A5000006400%7C5374%3ATech%7C5079%3A5000006415
2025-03-20 12:46:59,Apple iPad Mini (A17 Pro) 128GB WiFi Excellent Condition - All Colors,$389.99,$499.99,Shipping N/A,https://www.ebay.com/itm/286219710468?_trkparms=5373%3A5000006400%7C5374%3ATech%7C5079%3A5000006415
2025-03-20 12:46:59,Apple AirPods Pro 2nd Generation Gen 2 2023 A2968 with Magsafe USB-C Charging,$149.95,$250.00,Shipping N/A,https://www.ebay.com/itm/285636515887?_trkparms=5373%3A5000006400%7C5374%3ATech%7C5079%3A5000006419
2025-03-20 12:46:59,Sony WF-1000XM5 Truly Wireless Bluetooth Noise Canceling Headphones - Black,$112.99,$299.99,Shipping N/A,https://www.ebay.com/itm/276015021037?_trkparms=5373%3A5000006400%7C5374%3ATech%7C5079%3A5000006419
2025-03-20 12:46:59,Anker PowerCoreIII Sense Portable Charger 10K Power Bank 20W USB-C for iPhone,$14.99,$39.99,Shipping N/A,https://www.ebay.com/itm/383508840902?_trkparms=5373%3A5000006400%7C5374%3ATech%7C5079%3A5000006419
2025-03-20 12:46:59,Anker 20W USB-C Portable Charger Power Bank 10000mAh Power Delivery Battery Pack,$14.99,$39.99,Shipping N/A,https://www.ebay.com/itm/385001141142?_trkparms=5373%3A5000006400%7C5374%3ATech%7C5079%3A5000006419
2025-03-20 12:46:59,Soundcore Liberty 4 SE True Wireless Earbuds Heart Rate Sensor Noise Cancelling,$46.99,$149.99,Shipping N/A,https://www.ebay.com/itm/385693088002?_trkparms=5373%3A5000006400%7C5374%3ATech%7C5079%3A5000006419
2025-03-20 12:46:59,"Seagate Exos 28TB 7.2K RPM SATA 6Gb/s 3.5"" Enterprise HDD - ST28000NM000C",$334.99,$379.99,Shipping N/A,https://www.ebay.com/itm/296879436001?_trkparms=5373%3A5000006400%7C5374%3ATech%7C5079%3A5000006421
2025-03-20 12:46:59,"Seagate Skyhawk AI ST12000VX0017 12TB 7200RPM 3.5"" SATA 6.0Gb/s Surveillance HDD",$115.99,$179.99,Shipping N/A,https://www.ebay.com/itm/176895047318?_trkparms=5373%3A5000006400%7C5374%3ATech%7C5079%3A5000006421
2025-03-20 12:46:59,"Seagate EXOS X16 ST14000NM005G 14TB 256MB 7200rpm 3.5"" SATA 6Gb/s Enterprise HDD",$147.99,$199.99,Shipping N/A,https://www.ebay.com/itm/176825170520?_trkparms=5373%3A5000006400%7C5374%3ATech%7C5079%3A5000006421
2025-03-20 12:46:59,"Seagate EXOS X16 16TB 256MB 7200rpm 3.5"" SATA 6Gb/s Enterprise HDD ST16000NM001G",$179.99,$219.99,Shipping N/A,https://www.ebay.com/itm/175804626117?_trkparms=5373%3A5000006400%7C5374%3ATech%7C5079%3A5000006421
2025-03-20 12:46:59,"Seagate ST12000NM0117 12TB 256MB 7200RPM 3.5"" SATA 6.0Gb/s Enterprise Hard Drive",$124.99,$179.99,Shipping N/A,https://www.ebay.com/itm/176407579611?_trkparms=5373%3A5000006400%7C5374%3ATech%7C5079%3A5000006421
2025-03-20 12:46:59,"Aura Studio 3, Wireless speaker with beautiful Harman Kardon sound",$99.95,$299.95,Shipping N/A,https://www.ebay.com/itm/395535173196?_trkparms=5373%3A5000006400%7C5374%3ATech%7C5079%3A5000006403
2025-03-20 12:46:59,STATUS Between 3ANC Wireless Earbuds (CERTIFIED REFURBISHED) - ONYX,$82.88,$119.00,Shipping N/A,https://www.ebay.com/itm/266692431952?_trkparms=5373%3A5000006400%7C5374%3ATech%7C5079%3A5000006403
2025-03-20 12:46:59,Sony WH-1000XM5/B Wireless Industry Leading Noise Canceling Bluetooth Headphones,$199.99,$399.99,Shipping N/A,https://www.ebay.com/itm/314074071401?_trkparms=5373%3A5000006400%7C5374%3ATech%7C5079%3A5000006403
2025-03-20 12:46:59,Skullcandy Smokin' Buds XT- Black (CERTIFIED REFURBISHED),$11.13,$18.99,Shipping N/A,https://www.ebay.com/itm/266646620402?_trkparms=5373%3A5000006400%7C5374%3ATech%7C5079%3A5000006403
2025-03-20 12:47:00,Sony WF-1000XM5 Truly Wireless Bluetooth Noise Canceling Headphones - Silver,$112.99,$299.99,Shipping N/A,https://www.ebay.com/itm/276042057973?_trkparms=5373%3A5000006400%7C5374%3ATech%7C5079%3A5000006403
2025-03-20 12:47:00,Ricoh/Fujitsu ScanSnap iX1400 One-Touch 600dpi 40ppm/80ipm Auto Duplex Scanner,$195.00,$435.00,Shipping N/A,https://www.ebay.com/itm/176489716730?_trkparms=5373%3A5000006400%7C5374%3ATech%7C5079%3A5000006417
2025-03-20 12:47:00,Epson RapidReceipt RR-600W Wireless Scanner - Certified Refurbished,$279.99,$299.99,Shipping N/A,https://www.ebay.com/itm/204884183797?_trkparms=5373%3A5000006400%7C5374%3ATech%7C5079%3A5000006417
2025-03-20 12:47:00,Epson Perfection V600 Photo Scanner - Certified Refurbished,$299.99,N/A,Shipping N/A,https://www.ebay.com/itm/226451126467?_trkparms=5373%3A5000006400%7C5374%3ATech%7C5079%3A5000006417
2025-03-20 12:47:00,Canon Color imageCLASS MF642Cdw Wireless Laser Printer w/ Toner PRMCT054H-4 Pack,$309.99,$599.95,Shipping N/A,https://www.ebay.com/itm/296874880362?_trkparms=5373%3A5000006400%7C5374%3ATech%7C5079%3A5000006417
2025-03-20 12:47:00,Canon Color imageCLASS MF642Cdw Wireless All-In-One Laser Printer - White,$259.99,$309.95,Shipping N/A,https://www.ebay.com/itm/375669059982?_trkparms=5373%3A5000006400%7C5374%3ATech%7C5079%3A5000006417
2025-03-20 12:47:00,Hifonics HFXR Digital Signal Processor Universal Mobile Audio Silver New,$49.95,$99.99,Shipping N/A,https://www.ebay.com/itm/155477831041?_trkparms=5373%3A5000006400%7C5374%3ATech%7C5079%3A5000006432
2025-03-20 12:47:00,MB Quart FKB169 6x9 2-Way Car Speakers 75W RMS 150W Peak UTV Compatible New,$39.95,$79.99,Shipping N/A,https://www.ebay.com/itm/155534258683?_trkparms=5373%3A5000006400%7C5374%3ATech%7C5079%3A5000006432
2025-03-20 12:47:00,MB Quart Formula FKB168 5x7/6x8 2-Way Car Speakers 50W RMS 100W Peak Power New,$24.99,$44.99,Shipping N/A,https://www.ebay.com/itm/155534260342?_trkparms=5373%3A5000006400%7C5374%3ATech%7C5079%3A5000006432
2025-03-20 12:47:00,ZS5768CX ZEUS 5x7/6x8 Inch Speakers 1-inch Neo-Mylar Soft Dome Tweeter,$26.73,$54.99,Shipping N/A,https://www.ebay.com/itm/155691326798?_trkparms=5373%3A5000006400%7C5374%3ATech%7C5079%3A5000006432
2025-03-20 12:47:00,Autotek TA-1255.4 1200W 4-Channel Car Amplifier Class A/B Bass EQ Black New,$59.99,$139.99,Shipping N/A,https://www.ebay.com/itm/155835298403?_trkparms=5373%3A5000006400%7C5374%3ATech%7C5079%3A5000006432
2025-03-20 12:47:00,Sony FE 24-70mm F2.8 GM II Lens,"$1,719.00","$2,306.99",Shipping N/A,https://www.ebay.com/itm/204911213109?_trkparms=5373%3A5000006400%7C5374%3ATech%7C5079%3A5000006425
2025-03-20 12:47:00,Canon 3680C002 Rf 24-70mm F2.8 L is USM,"$1,849.00","$2,656.99",Shipping N/A,https://www.ebay.com/itm/326389378879?_trkparms=5373%3A5000006400%7C5374%3ATech%7C5079%3A5000006425
2025-03-20 12:47:00,"Sigma 24-70MM F2.8 DG DN II ART Lens, L Mount",$999.00,"$2,616.00",Shipping N/A,https://www.ebay.com/itm/286205099093?_trkparms=5373%3A5000006400%7C5374%3ATech%7C5079%3A5000006425
2025-03-20 12:47:00,SIGMA 70-200 mm F2.8 DG DN OS Sports for Sony E-Mount with Accessories Bundle,"$1,499.99","$1,599.00",Shipping N/A,https://www.ebay.com/itm/285604708125?_trkparms=5373%3A5000006400%7C5374%3ATech%7C5079%3A5000006425
2025-03-20 12:47:00,Sigma 23mm F1.4 DC DN Contemporary Lens for Sony E Mount with Camera Bag Bundle,$499.99,$594.00,Shipping N/A,https://www.ebay.com/itm/285307948467?_trkparms=5373%3A5000006400%7C5374%3ATech%7C5079%3A5000006425
2025-03-20 12:47:00,LG 55-Inch Class OLED evo G4 Series 4K TV with webOS 24,"$1,499.00","$3,199.95",Shipping N/A,https://www.ebay.com/itm/186732090674?_trkparms=5373%3A5000006400%7C5374%3ATech%7C5079%3A5000006413
2025-03-20 12:47:00,Samsung Music Frame Dolby Atmos Picture Frame/Smart Speaker,$183.00,$499.99,Shipping N/A,https://www.ebay.com/itm/186849010545?_trkparms=5373%3A5000006400%7C5374%3ATech%7C5079%3A5000006413
2025-03-20 12:47:00,"Aura Studio 3, Wireless speaker with beautiful Harman Kardon sound",$99.95,$299.95,Shipping N/A,https://www.ebay.com/itm/395535173196?_trkparms=5373%3A5000006400%7C5374%3ATech%7C5079%3A5000006413
2025-03-20 12:47:00,LG 77-Inch Class OLED evo C4 Series TV with webOS 24,"$1,856.00","$4,199.95",Shipping N/A,https://www.ebay.com/itm/156232239135?_trkparms=5373%3A5000006400%7C5374%3ATech%7C5079%3A5000006413
2025-03-20 12:47:01,STATUS Between 3ANC Wireless Earbuds (CERTIFIED REFURBISHED) - ONYX,$82.88,$119.00,Shipping N/A,https://www.ebay.com/itm/266692431952?_trkparms=5373%3A5000006400%7C5374%3ATech%7C5079%3A5000006413
2025-03-20 12:47:01,Apple Pencil (USB-C) - White Stylus MUWA3AM/A with Pixel-Perfect Precision,$51.45,$80.00,Shipping N/A,https://www.ebay.com/itm/296262723993?_trkparms=5373%3A5000006400%7C5374%3ATech%7C5079%3A5000006427
2025-03-20 12:47:01,"Logitech Z623 400 Watt Home Speaker System, 2.1 Speaker System - Black",$95.00,$132.68,Shipping N/A,https://www.ebay.com/itm/167065352702?_trkparms=5373%3A5000006400%7C5374%3ATech%7C5079%3A5000006427
2025-03-20 12:47:01,Logitech G560 PC Gaming Speaker System with 7.1 DTS:X Ultra Surround Sound,$128.00,$249.99,Shipping N/A,https://www.ebay.com/itm/167051732357?_trkparms=5373%3A5000006400%7C5374%3ATech%7C5079%3A5000006427
2025-03-20 12:47:01,Razer Barracuda X Wireless Multi Platform Gaming and Mobile Black Headset,$41.99,$99.95,Shipping N/A,https://www.ebay.com/itm/286097764131?_trkparms=5373%3A5000006400%7C5374%3ATech%7C5079%3A5000006427
2025-03-20 12:47:01,"SteelSeries Arctis Nova Pro Gaming Headset for Xbox, PC, PS4, and PS5 (Refurb)",$144.99,$249.99,Shipping N/A,https://www.ebay.com/itm/295963007018?_trkparms=5373%3A5000006400%7C5374%3ATech%7C5079%3A5000006427
2025-03-20 12:47:01,Apple Watch Series 6 40mm (GPS + Cellular) Aluminum Case - Very Good,$119.99,$599.00,Shipping N/A,https://www.ebay.com/itm/254878963982?_trkparms=5373%3A5000006400%7C5374%3ATech%7C5079%3A5000006411
2025-03-20 12:47:01,Apple Watch Series 10 GPS + Cellular 42mm Smartwatch Aluminium Case - Excellent,$294.99,$499.00,Shipping N/A,https://www.ebay.com/itm/156512158074?_trkparms=5373%3A5000006400%7C5374%3ATech%7C5079%3A5000006411
2025-03-20 12:47:01,Apple iPhone 14 256GB Factory Unlocked AT&T T-Mobile Verizon Very Good Condition,$369.95,$899.00,Shipping N/A,https://www.ebay.com/itm/295504908589?_trkparms=5373%3A5000006400%7C5374%3ATech%7C5079%3A5000006411
2025-03-20 12:47:01,Apple iPhone 12 64GB - Fully Unlocked - VERY GOOD Condition!! Unlocked!!,$210.99,$599.00,Shipping N/A,https://www.ebay.com/itm/325852789181?_trkparms=5373%3A5000006400%7C5374%3ATech%7C5079%3A5000006411
2025-03-20 12:47:01,Samsung Galaxy Watch5 Pro 45mm R925N GPS + Cellular - Excellent,$86.99,$499.99,Shipping N/A,https://www.ebay.com/itm/256144554687?_trkparms=5373%3A5000006400%7C5374%3ATech%7C5079%3A5000006411
2025-03-20 12:47:01,TP-Link Deco AXE5300 Wi-Fi 6E Tri-Band 9 3-Pack (Refurbished),$174.99,$299.99,Shipping N/A,https://www.ebay.com/itm/144782360525?_trkparms=5373%3A5000006400%7C5374%3ATech%7C5079%3A5000006405
2025-03-20 12:47:01,Ricoh/Fujitsu ScanSnap iX1400 One-Touch 600dpi 40ppm/80ipm Auto Duplex Scanner,$195.00,$435.00,Shipping N/A,https://www.ebay.com/itm/176489716730?_trkparms=5373%3A5000006400%7C5374%3ATech%7C5079%3A5000006405
2025-03-20 12:47:01,"Acer XZ322QU 31.5"" Curved Monitor LED 144Hz 2560x1440 Certified Refurbished",$149.99,$249.99,Shipping N/A,https://www.ebay.com/itm/256547414823?_trkparms=5373%3A5000006400%7C5374%3ATech%7C5079%3A5000006405
2025-03-20 12:47:01,"Acer PM161Q 15.6"" Monitor LCD Display 60Hz 1920x1080 Certified Refurbished",$59.99,$149.99,Shipping N/A,https://www.ebay.com/itm/275924898150?_trkparms=5373%3A5000006400%7C5374%3ATech%7C5079%3A5000006405
2025-03-20 12:47:01,"Acer CB272 E 27"" Monitor FullHD 1920x1080 100Hz IPS 1ms 250Nit HDMI DisplayPort",$89.99,$139.99,Shipping N/A,https://www.ebay.com/itm/266600046936?_trkparms=5373%3A5000006400%7C5374%3ATech%7C5079%3A5000006405
